,time,data_rate,rssi,sensor,snr
0,2019-10-24 13:47:57.612864+00:00,SF12BW125,-106,trial,1.8
1,2019-10-24 13:48:23.223511808+00:00,SF12BW125,-103,trial,5.2
2,2019-10-24 13:48:28.411788032+00:00,SF12BW125,-98,trial,6.0
3,2019-10-24 13:48:34.752850176+00:00,SF12BW125,-105,trial,5.8
4,2019-10-24 13:48:40.263343104+00:00,SF12BW125,-102,trial,3.2
5,2019-10-24 13:49:46.374146816+00:00,SF12BW125,-108,trial,0.5
6,2019-10-24 13:50:52.494988032+00:00,SF12BW125,-110,trial,-1.8
7,2019-10-24 13:51:58.609664+00:00,SF12BW125,-105,trial,3.8
8,2019-10-24 13:53:04.723598848+00:00,SF12BW125,-108,trial,0.8
9,2019-10-24 13:56:51.438700032+00:00,SF12BW125,-106,trial,1.5
10,2019-10-24 13:56:58.916632832+00:00,SF12BW125,-113,trial,-7.2
11,2019-10-24 13:58:05.027523072+00:00,SF12BW125,-108,trial,-1.5
12,2019-10-24 13:59:11.149147136+00:00,SF12BW125,-110,trial,-1.0
13,2019-10-24 14:01:23.376817920+00:00,SF12BW125,-108,trial,2.2
14,2019-10-24 14:02:29.499510016+00:00,SF12BW125,-108,trial,0.8
15,2019-10-24 14:03:35.612297984+00:00,SF12BW125,-108,trial,0.5
16,2019-10-24 14:04:41.727238912+00:00,SF12BW125,-112,trial,-2.5
17,2019-10-24 14:05:47.851607040+00:00,SF12BW125,-108,trial,-0.8
18,2019-10-24 14:06:53.961420032+00:00,SF12BW125,-109,trial,1.0
19,2019-10-24 14:08:00.104775936+00:00,SF12BW125,-108,trial,0.5
20,2019-10-24 14:52:09.032617984+00:00,SF12BW125,-109,trial,-9.8
21,2019-10-24 14:52:20.602458112+00:00,SF12BW125,-112,trial,0.2
22,2019-10-24 14:52:27.955857920+00:00,SF12BW125,-112,trial,-5.0
23,2019-10-24 14:52:36.282413056+00:00,SF12BW125,-110,trial,-1.8
24,2019-10-24 14:52:57.631062016+00:00,SF12BW125,-109,trial,-1.8
25,2019-10-24 14:53:10.179738880+00:00,SF12BW125,-111,trial,-8.0
26,2019-10-24 14:53:26.826148096+00:00,SF12BW125,-113,trial,-3.8
27,2019-10-24 14:53:33.484741888+00:00,SF12BW125,-109,trial,-1.8
28,2019-10-24 14:53:38.522327040+00:00,SF12BW125,-111,trial,-2.8
29,2019-10-24 14:53:45.130606848+00:00,SF12BW125,-109,trial,-0.8
30,2019-10-24 14:53:50.051376128+00:00,SF12BW125,-109,trial,-1.5
31,2019-10-24 14:53:53.587599872+00:00,SF12BW125,-111,trial,-3.0
32,2019-10-24 14:53:57.758291968+00:00,SF12BW125,-112,trial,1.2
33,2019-10-25 07:48:36.919876096+00:00,SF12BW125,-111,node2,-9.2
34,2019-10-25 07:48:38.625172992+00:00,SF12BW125,-113,node3,-6.8
35,2019-10-25 07:49:08.322297088+00:00,SF12BW125,-109,node1,-2.2
36,2019-10-25 08:42:29.621053952+00:00,SF12BW125,-91,node1,5.5
37,2019-10-25 08:43:36.403971072+00:00,SF12BW125,-96,node1,6.8
38,2019-10-25 08:45:48.636720896+00:00,SF12BW125,-89,node1,7.5
39,2019-10-25 08:46:54.756562944+00:00,SF12BW125,-85,node1,8.2
40,2019-10-25 08:48:00.868734976+00:00,SF12BW125,-88,node1,7.2
41,2019-10-25 08:49:06.988235008+00:00,SF12BW125,-87,node1,6.8
42,2019-10-25 08:50:13.102045952+00:00,SF12BW125,-87,node1,8.0
43,2019-10-25 08:51:19.212189952+00:00,SF12BW125,-89,node1,9.2
44,2019-10-25 08:51:44.397464064+00:00,SF12BW125,-106,node2,3.2
45,2019-10-25 08:52:25.336061952+00:00,SF12BW125,-84,node1,6.0
46,2019-10-25 08:52:50.516616192+00:00,SF12BW125,-103,node2,1.0
47,2019-10-25 08:53:31.447460864+00:00,SF12BW125,-89,node1,8.0
48,2019-10-25 08:53:56.636764160+00:00,SF12BW125,-111,node2,-5.0
49,2019-10-25 08:54:37.573487872+00:00,SF12BW125,-85,node1,8.5
50,2019-10-25 08:55:02.754010880+00:00,SF12BW125,-107,node2,1.5
51,2019-10-25 08:55:43.686028032+00:00,SF12BW125,-85,node1,8.0
52,2019-10-25 08:56:08.865058048+00:00,SF12BW125,-101,node2,4.8
53,2019-10-25 08:56:49.801709056+00:00,SF12BW125,-88,node1,8.0
54,2019-10-25 08:57:14.982931968+00:00,SF12BW125,-100,node2,6.0
55,2019-10-25 08:57:55.929216+00:00,SF12BW125,-87,node1,10.0
56,2019-10-25 08:58:21.101211904+00:00,SF12BW125,-101,node2,4.5
57,2019-10-25 08:59:02.041856+00:00,SF12BW125,-87,node1,10.2
58,2019-10-25 08:59:27.223685120+00:00,SF12BW125,-101,node2,4.5
59,2019-10-25 09:00:08.152952064+00:00,SF12BW125,-85,node1,6.8
60,2019-10-25 09:00:33.334737920+00:00,SF12BW125,-101,node2,4.0
61,2019-10-25 09:01:14.276967936+00:00,SF12BW125,-85,node1,8.0
62,2019-10-25 09:01:39.457603072+00:00,SF12BW125,-102,node2,5.0
63,2019-10-25 09:02:20.387046144+00:00,SF12BW125,-87,node1,5.5
64,2019-10-25 09:02:45.567984128+00:00,SF12BW125,-102,node2,4.8
65,2019-10-25 09:03:06.837678848+00:00,SF12BW125,-113,node3,-6.8
66,2019-10-25 09:03:51.685383936+00:00,SF12BW125,-102,node2,4.5
67,2019-10-25 09:04:12.959311872+00:00,SF12BW125,-113,node3,-11.8
68,2019-10-25 09:04:32.624504064+00:00,SF12BW125,-87,node1,8.5
69,2019-10-25 09:04:57.807694080+00:00,SF12BW125,-102,node2,5.5
70,2019-10-25 09:05:19.076233984+00:00,SF12BW125,-112,node3,-17.8
71,2019-10-25 09:05:38.741190912+00:00,SF12BW125,-88,node1,8.0
72,2019-10-25 09:06:03.927771136+00:00,SF12BW125,-101,node2,5.0
73,2019-10-25 09:06:25.192732160+00:00,SF12BW125,-111,node3,-0.2
74,2019-10-25 09:06:44.859683072+00:00,SF12BW125,-85,node1,5.5
75,2019-10-25 09:07:10.038657792+00:00,SF12BW125,-101,node2,5.0
76,2019-10-25 09:07:31.304562176+00:00,SF12BW125,-109,node3,0.8
77,2019-10-25 09:07:50.974035968+00:00,SF12BW125,-87,node1,6.5
78,2019-10-25 09:08:16.157371136+00:00,SF12BW125,-101,node2,4.8
79,2019-10-25 09:08:37.425435136+00:00,SF12BW125,-108,node3,-0.5
80,2019-10-25 09:08:57.093477888+00:00,SF12BW125,-85,node1,6.8
81,2019-10-25 09:09:22.276536064+00:00,SF12BW125,-100,node2,6.0
82,2019-10-25 09:09:43.541605120+00:00,SF12BW125,-109,node3,0.8
83,2019-10-25 09:10:03.216698880+00:00,SF12BW125,-87,node1,9.0
84,2019-10-25 09:10:28.390902016+00:00,SF12BW125,-102,node2,4.5
85,2019-10-25 09:11:09.328361984+00:00,SF12BW125,-88,node1,7.2
86,2019-10-25 09:11:34.513384960+00:00,SF12BW125,-103,node2,3.8
87,2019-10-25 09:11:55.773710080+00:00,SF12BW125,-111,node3,-1.2
88,2019-10-25 09:12:15.453718016+00:00,SF12BW125,-87,node1,8.2
89,2019-10-25 09:12:40.620433152+00:00,SF12BW125,-102,node2,4.0
90,2019-10-25 09:13:01.895990016+00:00,SF12BW125,-113,node3,-0.8
91,2019-10-25 09:29:53.327756800+00:00,SF12BW125,-87,node1,9.2
92,2019-10-25 09:30:18.501808896+00:00,SF12BW125,-101,node2,4.0
93,2019-10-25 09:30:39.768729856+00:00,SF12BW125,-109,node3,-0.2
94,2019-10-25 09:30:59.452933120+00:00,SF12BW125,-88,node1,9.8
95,2019-10-25 09:31:24.621041152+00:00,SF12BW125,-102,node2,4.5
96,2019-10-25 09:32:05.562271232+00:00,SF12BW125,-85,node1,9.8
97,2019-10-25 09:32:30.741314816+00:00,SF12BW125,-101,node2,5.8
98,2019-10-25 09:32:52.006074880+00:00,SF12BW125,-108,node3,3.2
99,2019-10-25 09:33:36.856513024+00:00,SF12BW125,-102,node2,3.8
100,2019-10-25 09:33:58.119318016+00:00,SF12BW125,-109,node3,-1.8
101,2019-10-25 09:34:17.801452032+00:00,SF12BW125,-88,node1,10.5
102,2019-10-25 09:34:42.971911936+00:00,SF12BW125,-102,node2,4.8
103,2019-10-25 09:35:04.241533952+00:00,SF12BW125,-105,node3,1.8
104,2019-10-25 09:35:23.911250944+00:00,SF12BW125,-89,node1,9.8
105,2019-10-25 09:35:49.093624064+00:00,SF12BW125,-102,node2,4.5
106,2019-10-25 09:36:10.351036928+00:00,SF12BW125,-112,node3,0.8
107,2019-10-25 09:36:30.024937984+00:00,SF12BW125,-89,node1,9.0
108,2019-10-25 09:36:55.202931968+00:00,SF12BW125,-102,node2,5.2
109,2019-10-25 09:37:16.470379008+00:00,SF12BW125,-111,node3,-1.5
110,2019-10-25 09:37:36.147492864+00:00,SF12BW125,-87,node1,9.5
111,2019-10-25 09:38:22.581708800+00:00,SF12BW125,-109,node3,-1.8
112,2019-10-25 09:39:07.438281984+00:00,SF12BW125,-102,node2,4.2
113,2019-10-25 09:39:28.700057856+00:00,SF12BW125,-111,node3,-0.8
114,2019-10-25 09:39:48.377309184+00:00,SF12BW125,-87,node1,7.8
115,2019-10-25 09:40:13.559686912+00:00,SF12BW125,-102,node2,5.0
116,2019-10-25 09:40:34.815854080+00:00,SF12BW125,-109,node3,-1.8
117,2019-10-25 09:40:54.495004928+00:00,SF12BW125,-90,node1,9.8
118,2019-10-25 09:41:19.679133952+00:00,SF12BW125,-101,node2,5.8
119,2019-10-25 09:41:40.946180096+00:00,SF12BW125,-109,node3,-1.2
120,2019-10-25 09:42:25.806268928+00:00,SF12BW125,-101,node2,5.8
121,2019-10-25 09:42:47.078520064+00:00,SF12BW125,-106,node3,-1.2
122,2019-10-25 09:43:06.726464+00:00,SF12BW125,-88,node1,8.5
123,2019-10-25 09:43:31.901212928+00:00,SF12BW125,-100,node2,5.5
124,2019-10-25 09:43:53.169097984+00:00,SF12BW125,-111,node3,-2.5
125,2019-10-25 09:44:12.841972224+00:00,SF12BW125,-90,node1,7.8
126,2019-10-25 09:44:38.025091840+00:00,SF12BW125,-100,node2,5.8
127,2019-10-25 09:44:59.295248896+00:00,SF12BW125,-109,node3,-0.2
128,2019-10-25 09:45:44.139774976+00:00,SF12BW125,-101,node2,6.5
129,2019-10-25 09:46:05.410641920+00:00,SF12BW125,-113,node3,-1.0
130,2019-10-25 09:46:25.080876032+00:00,SF12BW125,-89,node1,10.0
131,2019-10-25 09:46:50.257242880+00:00,SF12BW125,-102,node2,4.8
132,2019-10-25 09:47:31.193082112+00:00,SF12BW125,-89,node1,9.2
133,2019-10-25 09:47:56.374905088+00:00,SF12BW125,-102,node2,4.5
134,2019-10-25 09:48:17.633779968+00:00,SF12BW125,-109,node3,0.0
135,2019-10-25 09:48:37.314317824+00:00,SF12BW125,-89,node1,8.5
136,2019-10-25 09:50:08.606471936+00:00,SF12BW125,-102,node2,4.5
137,2019-10-25 09:50:29.876986880+00:00,SF12BW125,-108,node3,1.8
138,2019-10-25 09:50:49.551630848+00:00,SF12BW125,-87,node1,7.2
139,2019-10-25 09:51:35.990909952+00:00,SF12BW125,-111,node3,-4.0
140,2019-10-25 09:51:55.660062976+00:00,SF12BW125,-89,node1,7.8
141,2019-10-25 09:52:20.845644032+00:00,SF12BW125,-102,node2,4.0
142,2019-10-25 09:53:01.778755840+00:00,SF12BW125,-87,node1,6.5
143,2019-10-25 09:53:48.221404160+00:00,SF12BW125,-109,node3,-1.5
144,2019-10-25 09:54:07.894945024+00:00,SF12BW125,-89,node1,8.8
145,2019-10-25 09:54:54.339042816+00:00,SF12BW125,-109,node3,0.0
146,2019-10-25 09:55:14.017703168+00:00,SF12BW125,-89,node1,10.0
147,2019-10-25 09:55:39.195930880+00:00,SF12BW125,-102,node2,4.2
148,2019-10-25 09:56:20.127757056+00:00,SF12BW125,-90,node1,8.2
149,2019-10-25 09:56:45.316147200+00:00,SF12BW125,-101,node2,5.2
150,2019-10-25 09:57:06.572849920+00:00,SF12BW125,-108,node3,0.5
151,2019-10-25 09:57:26.245202176+00:00,SF12BW125,-89,node1,8.8
152,2019-10-25 09:57:51.423835136+00:00,SF12BW125,-102,node2,5.8
153,2019-10-25 09:58:12.689979904+00:00,SF12BW125,-106,node3,2.5
154,2019-10-25 09:58:32.367459072+00:00,SF12BW125,-88,node1,10.0
155,2019-10-25 09:58:57.542729984+00:00,SF12BW125,-102,node2,4.2
156,2019-10-25 09:59:18.812794880+00:00,SF12BW125,-109,node3,-0.5
157,2019-10-25 09:59:38.478696960+00:00,SF12BW125,-86,node1,8.0
158,2019-10-25 10:00:03.660516864+00:00,SF12BW125,-102,node2,6.0
159,2019-10-25 10:00:24.930371072+00:00,SF12BW125,-109,node3,-0.2
160,2019-10-25 10:01:09.780452864+00:00,SF12BW125,-100,node2,4.5
161,2019-10-25 10:01:31.039683072+00:00,SF12BW125,-109,node3,1.0
162,2019-10-25 10:01:50.712960+00:00,SF12BW125,-86,node1,8.5
163,2019-10-25 10:02:37.159465984+00:00,SF12BW125,-111,node3,-0.8
164,2019-10-25 10:02:56.836375040+00:00,SF12BW125,-90,node1,8.0
165,2019-10-25 10:03:22.008304128+00:00,SF12BW125,-103,node2,5.0
166,2019-10-25 10:04:02.947112192+00:00,SF12BW125,-90,node1,10.5
167,2019-10-25 10:04:28.127054848+00:00,SF12BW125,-103,node2,4.5
168,2019-10-25 10:04:49.396928+00:00,SF12BW125,-108,node3,-0.8
169,2019-10-25 10:05:09.066971136+00:00,SF12BW125,-88,node1,10.0
170,2019-10-25 10:05:34.240935936+00:00,SF12BW125,-103,node2,5.5
171,2019-10-25 10:05:55.509149184+00:00,SF12BW125,-109,node3,0.5
172,2019-10-25 10:06:40.364152832+00:00,SF12BW125,-102,node2,4.2
173,2019-10-25 10:07:21.298759936+00:00,SF12BW125,-89,node1,9.2
174,2019-10-25 10:08:07.740288+00:00,SF12BW125,-111,node3,-7.0
175,2019-10-25 10:08:27.441028096+00:00,SF12BW125,-90,node1,10.2
176,2019-10-25 10:08:52.594157824+00:00,SF12BW125,-101,node2,5.0
177,2019-10-25 10:09:13.857573888+00:00,SF12BW125,-111,node3,-8.5
178,2019-10-25 10:09:33.539696896+00:00,SF12BW125,-89,node1,8.5
179,2019-10-25 10:09:58.712771840+00:00,SF12BW125,-103,node2,4.8
180,2019-10-25 10:10:19.984002048+00:00,SF12BW125,-109,node3,-3.2
181,2019-10-25 10:10:39.647948032+00:00,SF12BW125,-88,node1,8.2
182,2019-10-25 10:11:04.825701888+00:00,SF12BW125,-102,node2,4.5
183,2019-10-25 10:11:45.772000+00:00,SF12BW125,-89,node1,7.8
184,2019-10-25 10:12:32.213579776+00:00,SF12BW125,-109,node3,-4.0
185,2019-10-25 10:12:51.884273920+00:00,SF12BW125,-88,node1,8.5
186,2019-10-25 10:13:38.329158912+00:00,SF12BW125,-109,node3,-3.2
187,2019-10-25 10:13:57.995660032+00:00,SF12BW125,-90,node1,6.8
188,2019-10-25 10:14:23.179332096+00:00,SF12BW125,-103,node2,5.8
189,2019-10-25 10:15:29.298647040+00:00,SF12BW125,-101,node2,4.2
190,2019-10-25 10:15:50.556592896+00:00,SF12BW125,-108,node3,-1.2
191,2019-10-25 10:16:10.236624896+00:00,SF12BW125,-85,node1,9.0
192,2019-10-25 10:16:56.672236800+00:00,SF12BW125,-109,node3,-3.0
193,2019-10-25 10:17:16.354192128+00:00,SF12BW125,-88,node1,7.8
194,2019-10-25 10:18:22.471291136+00:00,SF12BW125,-88,node1,7.5
195,2019-10-25 10:19:08.911120896+00:00,SF12BW125,-110,node3,-1.8
196,2019-10-25 10:19:28.588023040+00:00,SF12BW125,-90,node1,9.5
197,2019-10-25 10:19:53.772489984+00:00,SF12BW125,-102,node2,4.8
198,2019-10-25 10:20:34.709841920+00:00,SF12BW125,-90,node1,9.0
199,2019-10-25 10:20:59.887741184+00:00,SF12BW125,-102,node2,3.8
200,2019-10-25 10:21:21.142849024+00:00,SF12BW125,-111,node3,-4.2
201,2019-10-25 10:21:40.843532032+00:00,SF12BW125,-88,node1,9.5
202,2019-10-25 10:22:06.002551040+00:00,SF12BW125,-102,node2,5.2
203,2019-10-25 10:22:27.265167872+00:00,SF12BW125,-111,node3,-5.8
204,2019-10-25 10:22:46.935631104+00:00,SF12BW125,-88,node1,8.2
205,2019-10-25 10:23:33.380201216+00:00,SF12BW125,-113,node3,-1.8
206,2019-10-25 10:23:53.061400064+00:00,SF12BW125,-90,node1,8.8
207,2019-10-25 10:24:18.233072896+00:00,SF12BW125,-103,node2,2.8
208,2019-10-25 10:24:39.503236096+00:00,SF12BW125,-109,node3,-4.0
209,2019-10-25 10:24:59.168899072+00:00,SF12BW125,-89,node1,8.0
210,2019-10-25 10:25:24.357917952+00:00,SF12BW125,-103,node2,5.0
211,2019-10-25 10:25:45.616091904+00:00,SF12BW125,-111,node3,-2.2
212,2019-10-25 10:26:05.286358016+00:00,SF12BW125,-87,node1,9.0
213,2019-10-25 10:26:30.468333056+00:00,SF12BW125,-102,node2,5.0
214,2019-10-25 10:26:51.726103040+00:00,SF12BW125,-111,node3,-2.5
215,2019-10-25 10:27:36.591241984+00:00,SF12BW125,-103,node2,5.0
216,2019-10-25 10:27:57.840024832+00:00,SF12BW125,-111,node3,-3.2
217,2019-10-25 10:29:23.632363008+00:00,SF12BW125,-85,node1,8.5
218,2019-10-25 10:29:48.818605056+00:00,SF12BW125,-101,node2,5.0
219,2019-10-25 10:30:10.076390912+00:00,SF12BW125,-112,node3,-4.2
220,2019-10-25 10:30:29.760977152+00:00,SF12BW125,-88,node1,7.8
221,2019-10-25 10:30:54.940602112+00:00,SF12BW125,-102,node2,5.5
222,2019-10-25 10:31:16.193753088+00:00,SF12BW125,-111,node3,-2.5
223,2019-10-25 10:31:35.872015872+00:00,SF12BW125,-87,node1,9.5
224,2019-10-25 10:32:22.308589056+00:00,SF12BW125,-109,node3,-1.8
225,2019-10-25 10:33:07.171229952+00:00,SF12BW125,-102,node2,5.0
226,2019-10-25 10:33:28.430481920+00:00,SF12BW125,-109,node3,-3.5
227,2019-10-25 10:33:48.105789952+00:00,SF12BW125,-88,node1,8.0
228,2019-10-25 10:34:13.295545088+00:00,SF12BW125,-103,node2,4.5
229,2019-10-25 10:34:34.545255936+00:00,SF12BW125,-109,node3,-1.2
230,2019-10-25 10:34:54.223345152+00:00,SF12BW125,-86,node1,8.2
231,2019-10-25 10:35:19.411115008+00:00,SF12BW125,-102,node2,4.8
232,2019-10-25 10:35:40.661302016+00:00,SF12BW125,-108,node3,-1.8
233,2019-10-25 10:36:25.531606016+00:00,SF12BW125,-100,node2,5.5
234,2019-10-25 10:36:46.781007104+00:00,SF12BW125,-109,node3,-2.0
235,2019-10-25 10:37:06.455673088+00:00,SF12BW125,-88,node1,9.0
236,2019-10-25 10:37:52.896201984+00:00,SF12BW125,-109,node3,-0.5
237,2019-10-25 10:38:37.757286144+00:00,SF12BW125,-100,node2,5.0
238,2019-10-25 10:38:59.008061952+00:00,SF12BW125,-109,node3,-0.5
239,2019-10-25 10:39:18.688322048+00:00,SF12BW125,-88,node1,9.2
240,2019-10-25 10:40:05.132588032+00:00,SF12BW125,-109,node3,-1.5
241,2019-10-25 10:40:24.808110848+00:00,SF12BW125,-87,node1,8.8
242,2019-10-25 10:40:49.994610176+00:00,SF12BW125,-101,node2,4.0
243,2019-10-25 10:41:30.928463872+00:00,SF12BW125,-86,node1,8.0
244,2019-10-25 10:41:56.111779840+00:00,SF12BW125,-102,node2,5.0
245,2019-10-25 10:42:37.044104960+00:00,SF12BW125,-89,node1,9.8
246,2019-10-25 10:43:02.222915840+00:00,SF12BW125,-102,node2,4.5
247,2019-10-25 10:43:23.488936960+00:00,SF12BW125,-109,node3,-4.2
248,2019-10-25 10:44:08.347700224+00:00,SF12BW125,-102,node2,5.8
249,2019-10-25 10:44:29.594067200+00:00,SF12BW125,-108,node3,-3.2
250,2019-10-25 10:44:49.272551936+00:00,SF12BW125,-90,node1,10.5
251,2019-10-25 10:45:14.466914816+00:00,SF12BW125,-102,node2,4.5
252,2019-10-25 10:45:35.713356032+00:00,SF12BW125,-108,node3,-2.0
253,2019-10-25 10:45:55.396802816+00:00,SF12BW125,-86,node1,9.2
254,2019-10-25 10:46:20.573890816+00:00,SF12BW125,-102,node2,5.2
255,2019-10-25 10:47:47.943973120+00:00,SF12BW125,-109,node3,-1.2
256,2019-10-25 10:48:07.623374848+00:00,SF12BW125,-86,node1,9.2
257,2019-10-25 10:48:32.816343040+00:00,SF12BW125,-102,node2,4.8
258,2019-10-25 10:48:54.074678784+00:00,SF12BW125,-109,node3,-9.5
259,2019-10-25 10:49:13.740212992+00:00,SF12BW125,-89,node1,8.2
260,2019-10-25 10:49:38.926536960+00:00,SF12BW125,-103,node2,4.0
261,2019-10-25 10:50:00.184772864+00:00,SF12BW125,-107,node3,-0.5
262,2019-10-25 10:50:19.856295168+00:00,SF12BW125,-88,node1,9.2
263,2019-10-25 10:51:06.293394944+00:00,SF12BW125,-111,node3,-1.0
264,2019-10-25 10:51:25.974426880+00:00,SF12BW125,-89,node1,9.2
265,2019-10-25 10:51:51.166544896+00:00,SF12BW125,-103,node2,5.5
266,2019-10-25 10:52:32.092221952+00:00,SF12BW125,-90,node1,10.0
267,2019-10-25 10:52:57.284208128+00:00,SF12BW125,-100,node2,5.0
268,2019-10-25 10:53:18.535363840+00:00,SF12BW125,-109,node3,-3.8
269,2019-10-25 10:53:38.210796032+00:00,SF12BW125,-88,node1,10.0
270,2019-10-25 10:54:03.398904064+00:00,SF12BW125,-103,node2,5.2
271,2019-10-25 10:54:24.648966912+00:00,SF12BW125,-109,node3,-1.8
272,2019-10-25 10:54:44.331099904+00:00,SF12BW125,-89,node1,8.0
273,2019-10-25 10:55:09.516904192+00:00,SF12BW125,-101,node2,4.5
274,2019-10-25 10:55:30.762891008+00:00,SF12BW125,-109,node3,-4.0
275,2019-10-25 10:55:50.447559168+00:00,SF12BW125,-88,node1,8.2
276,2019-10-25 10:56:15.631985920+00:00,SF12BW125,-102,node2,4.8
277,2019-10-25 10:56:36.887928064+00:00,SF12BW125,-109,node3,-0.2
278,2019-10-25 10:56:56.563336960+00:00,SF12BW125,-90,node1,9.5
279,2019-10-25 10:57:21.752116992+00:00,SF12BW125,-102,node2,5.2
280,2019-10-25 10:58:27.863152128+00:00,SF12BW125,-103,node2,3.5
281,2019-10-25 10:58:49.113744128+00:00,SF12BW125,-109,node3,-0.2
282,2019-10-25 10:59:08.792593920+00:00,SF12BW125,-86,node1,10.2
283,2019-10-25 10:59:33.983865856+00:00,SF12BW125,-103,node2,3.2
284,2019-10-25 10:59:55.233661952+00:00,SF12BW125,-108,node3,0.2
285,2019-10-25 11:00:14.911219968+00:00,SF12BW125,-88,node1,8.8
286,2019-10-25 11:00:40.097570816+00:00,SF12BW125,-103,node2,4.0
287,2019-10-25 11:01:21.031269120+00:00,SF12BW125,-87,node1,10.0
288,2019-10-25 11:02:07.463501056+00:00,SF12BW125,-109,node3,-3.0
289,2019-10-25 11:02:27.149020928+00:00,SF12BW125,-90,node1,8.2
290,2019-10-25 11:02:52.336292096+00:00,SF12BW125,-103,node2,5.0
291,2019-10-25 11:03:13.579698944+00:00,SF12BW125,-107,node3,0.2
292,2019-10-25 11:03:36.958452992+00:00,SF12BW125,-89,node1,8.0
293,2019-10-25 11:03:58.448761856+00:00,SF12BW125,-102,node2,5.5
294,2019-10-25 11:04:19.714590976+00:00,SF12BW125,-113,node3,-3.0
295,2019-10-25 11:05:25.814099968+00:00,SF12BW125,-109,node3,-0.8
296,2019-10-25 11:06:10.690846976+00:00,SF12BW125,-109,node2,1.5
297,2019-10-25 11:06:31.938600960+00:00,SF12BW125,-110,node3,-0.2
298,2019-10-25 11:07:16.842443008+00:00,SF12BW125,-102,node2,4.5
299,2019-10-25 11:07:38.053488896+00:00,SF12BW125,-109,node3,-0.2
300,2019-10-25 11:08:22.922931968+00:00,SF12BW125,-103,node2,3.8
301,2019-10-25 11:09:29.033509888+00:00,SF12BW125,-102,node2,4.5
302,2019-10-25 11:09:50.283579136+00:00,SF12BW125,-112,node3,-1.2
303,2019-10-25 11:10:35.160675072+00:00,SF12BW125,-102,node2,4.0
304,2019-10-25 11:10:56.410647040+00:00,SF12BW125,-111,node3,-1.5
305,2019-10-25 11:12:02.519545088+00:00,SF12BW125,-109,node3,-0.8
306,2019-10-25 11:12:47.399661056+00:00,SF12BW125,-103,node2,4.2
307,2019-10-25 11:13:08.638376960+00:00,SF12BW125,-105,node3,-0.5
308,2019-10-25 11:13:53.507031808+00:00,SF12BW125,-103,node2,3.2
309,2019-10-25 11:14:14.757762048+00:00,SF12BW125,-109,node3,0.5
310,2019-10-25 11:14:59.627502848+00:00,SF12BW125,-102,node2,4.2
311,2019-10-25 11:15:20.872192+00:00,SF12BW125,-113,node3,-0.5
312,2019-10-25 11:16:05.745124096+00:00,SF12BW125,-103,node2,4.0
313,2019-10-25 11:17:33.108544+00:00,SF12BW125,-109,node3,-0.5
314,2019-10-25 11:18:17.971719936+00:00,SF12BW125,-102,node2,3.2
315,2019-10-25 11:18:39.251981056+00:00,SF12BW125,-109,node3,-0.5
316,2019-10-25 11:19:24.090894080+00:00,SF12BW125,-102,node2,5.0
317,2019-10-25 11:19:45.341500928+00:00,SF12BW125,-109,node3,-1.2
318,2019-10-25 11:20:30.206150144+00:00,SF12BW125,-103,node2,5.5
319,2019-10-25 11:21:36.325169152+00:00,SF12BW125,-103,node2,3.2
320,2019-10-25 11:21:57.571800832+00:00,SF12BW125,-112,node3,-1.0
321,2019-10-25 11:22:42.442768128+00:00,SF12BW125,-103,node2,4.2
322,2019-10-25 11:23:03.688449024+00:00,SF12BW125,-114,node3,-7.2
323,2019-10-25 11:23:48.561976832+00:00,SF12BW125,-101,node2,4.8
324,2019-10-25 11:24:09.811748864+00:00,SF12BW125,-111,node3,-1.0
325,2019-10-25 11:24:54.677619968+00:00,SF12BW125,-102,node2,4.8
326,2019-10-25 11:25:15.927889152+00:00,SF12BW125,-111,node3,-1.0
327,2019-10-25 11:26:22.042980864+00:00,SF12BW125,-110,node3,-1.8
328,2019-10-25 11:27:06.917416960+00:00,SF12BW125,-103,node2,4.8
329,2019-10-25 11:27:28.163243008+00:00,SF12BW125,-108,node3,0.5
330,2019-10-25 11:28:13.034320128+00:00,SF12BW125,-105,node2,3.8
331,2019-10-25 11:28:34.274928128+00:00,SF12BW125,-109,node3,0.2
332,2019-10-25 11:29:19.149219072+00:00,SF12BW125,-102,node2,4.0
333,2019-10-25 11:29:40.389659904+00:00,SF12BW125,-109,node3,-4.2
334,2019-10-25 11:30:25.262587136+00:00,SF12BW125,-103,node2,5.5
335,2019-10-25 11:30:46.506447104+00:00,SF12BW125,-108,node3,-2.2
336,2019-10-25 11:31:31.383304960+00:00,SF12BW125,-103,node2,3.2
337,2019-10-25 11:31:52.628226048+00:00,SF12BW125,-111,node3,-11.0
338,2019-10-25 11:32:37.499644928+00:00,SF12BW125,-103,node2,3.5
339,2019-10-25 11:32:58.742324224+00:00,SF12BW125,-109,node3,-1.0
340,2019-10-25 11:33:43.614021120+00:00,SF12BW125,-103,node2,3.8
341,2019-10-25 11:34:04.862670848+00:00,SF12BW125,-109,node3,0.0
342,2019-10-25 11:34:49.734955008+00:00,SF12BW125,-103,node2,5.5
343,2019-10-25 11:35:10.980513024+00:00,SF12BW125,-111,node3,-1.2
344,2019-10-25 11:35:55.851891968+00:00,SF12BW125,-103,node2,3.8
345,2019-10-25 11:36:17.099354112+00:00,SF12BW125,-112,node3,-4.2
346,2019-10-25 11:37:01.965701120+00:00,SF12BW125,-101,node2,5.5
347,2019-10-25 11:37:23.209244928+00:00,SF12BW125,-109,node3,-1.5
348,2019-10-25 11:38:08.090224896+00:00,SF12BW125,-101,node2,5.0
349,2019-10-25 11:38:29.327299072+00:00,SF12BW125,-112,node3,0.2
350,2019-10-25 11:39:14.207723008+00:00,SF12BW125,-102,node2,4.8
351,2019-10-25 11:39:35.443468032+00:00,SF12BW125,-108,node3,1.0
352,2019-10-25 11:40:20.316943872+00:00,SF12BW125,-102,node2,4.5
353,2019-10-25 11:41:47.676009984+00:00,SF12BW125,-111,node3,-2.0
354,2019-10-25 11:42:32.557490944+00:00,SF12BW125,-101,node2,4.8
355,2019-10-25 11:42:53.797581056+00:00,SF12BW125,-109,node3,0.0
356,2019-10-25 11:43:38.671625984+00:00,SF12BW125,-102,node2,4.8
357,2019-10-25 11:43:59.920724992+00:00,SF12BW125,-109,node3,0.0
358,2019-10-25 11:44:44.794375936+00:00,SF12BW125,-102,node2,5.2
359,2019-10-25 11:45:06.075654912+00:00,SF12BW125,-107,node3,0.0
360,2019-10-25 11:45:50.906806016+00:00,SF12BW125,-102,node2,5.2
361,2019-10-25 11:46:36.756500992+00:00,SF12BW125,-101,node1,5.8
362,2019-10-25 11:46:57.030811136+00:00,SF12BW125,-102,node2,3.5
363,2019-10-25 11:47:09.945199104+00:00,SF12BW125,-96,node1,7.0
364,2019-10-25 11:47:18.267832064+00:00,SF12BW125,-111,node3,-0.2
365,2019-10-25 11:47:43.261726976+00:00,SF12BW125,-101,node1,1.8
366,2019-10-25 11:48:03.147324928+00:00,SF12BW125,-102,node2,4.5
367,2019-10-25 11:48:24.385970944+00:00,SF12BW125,-108,node3,-3.8
368,2019-10-25 11:48:49.373243136+00:00,SF12BW125,-86,node1,8.2
369,2019-10-25 11:49:09.263981056+00:00,SF12BW125,-101,node2,4.5
370,2019-10-25 11:49:55.490511872+00:00,SF12BW125,-85,node1,8.0
371,2019-10-25 11:50:15.373806080+00:00,SF12BW125,-103,node2,5.2
372,2019-10-25 11:50:36.618194176+00:00,SF12BW125,-111,node3,-7.2
373,2019-10-25 11:51:21.496786944+00:00,SF12BW125,-102,node2,4.0
374,2019-10-25 11:51:42.729458944+00:00,SF12BW125,-109,node3,-1.0
375,2019-10-25 11:52:27.636984064+00:00,SF12BW125,-103,node2,4.8
376,2019-10-25 11:52:48.854702080+00:00,SF12BW125,-112,node3,-2.5
377,2019-10-25 11:53:33.731476992+00:00,SF12BW125,-101,node2,4.0
378,2019-10-25 11:53:54.964422912+00:00,SF12BW125,-109,node3,0.0
379,2019-10-25 11:54:39.843485952+00:00,SF12BW125,-96,node2,5.8
380,2019-10-25 11:55:01.086062848+00:00,SF12BW125,-109,node3,-0.2
381,2019-10-25 11:56:07.202624+00:00,SF12BW125,-108,node3,-0.5
382,2019-10-25 11:57:13.322830848+00:00,SF12BW125,-107,node3,-0.5
383,2019-10-25 11:58:19.432848896+00:00,SF12BW125,-109,node3,-3.8
384,2019-10-25 11:58:55.944364032+00:00,SF12BW125,-106,node3,1.8
385,2019-10-25 11:59:04.992563968+00:00,SF12BW125,-105,node3,4.5
386,2019-10-25 11:59:19.773519104+00:00,SF12BW125,-100,node3,5.2
387,2019-10-28 07:43:30.702490112+00:00,SF12BW125,-103,node1,4.8
388,2019-10-28 07:44:15.077783040+00:00,SF12BW125,-105,node2,2.5
389,2019-10-28 07:45:05.703654912+00:00,SF12BW125,-97,node3,7.8
390,2019-10-28 07:45:21.189374976+00:00,SF12BW125,-102,node2,3.5
391,2019-10-28 07:45:42.935290112+00:00,SF12BW125,-102,node1,5.0
392,2019-10-28 07:46:11.820795136+00:00,SF12BW125,-94,node3,5.8
393,2019-10-28 07:46:27.310499840+00:00,SF12BW125,-104,node2,3.2
394,2019-10-28 07:46:49.053504+00:00,SF12BW125,-103,node1,4.0
395,2019-10-28 07:47:17.937357056+00:00,SF12BW125,-96,node3,7.8
396,2019-10-28 07:47:33.422130176+00:00,SF12BW125,-105,node2,3.0
397,2019-10-28 07:47:55.173166080+00:00,SF12BW125,-99,node1,4.8
398,2019-10-28 07:48:24.050195968+00:00,SF12BW125,-97,node3,6.8
399,2019-10-28 07:48:39.542493184+00:00,SF12BW125,-105,node2,3.5
400,2019-10-28 07:49:01.287124992+00:00,SF12BW125,-99,node1,5.0
401,2019-10-28 07:49:30.168546816+00:00,SF12BW125,-95,node3,5.8
402,2019-10-28 07:49:45.659117824+00:00,SF12BW125,-108,node2,1.0
403,2019-10-28 07:50:07.401760+00:00,SF12BW125,-100,node1,4.0
404,2019-10-28 07:50:51.781289216+00:00,SF12BW125,-106,node2,2.8
405,2019-10-28 07:51:13.526892800+00:00,SF12BW125,-102,node1,5.5
406,2019-10-28 07:51:42.401315840+00:00,SF12BW125,-97,node3,7.0
407,2019-10-28 07:52:19.641513984+00:00,SF12BW125,-109,node1,4.0
408,2019-10-28 07:52:48.517829888+00:00,SF12BW125,-94,node3,6.8
409,2019-10-28 07:53:04.012246016+00:00,SF12BW125,-108,node2,2.0
410,2019-10-28 07:53:25.779213824+00:00,SF12BW125,-107,node1,3.2
411,2019-10-28 07:53:54.639353088+00:00,SF12BW125,-94,node3,6.5
412,2019-10-28 07:54:10.135118848+00:00,SF12BW125,-106,node2,2.0
413,2019-10-28 07:54:31.868026880+00:00,SF12BW125,-103,node1,5.0
414,2019-10-28 07:55:00.754779136+00:00,SF12BW125,-96,node3,7.5
415,2019-10-28 07:55:16.243141888+00:00,SF12BW125,-107,node2,2.5
416,2019-10-28 07:55:37.992350208+00:00,SF12BW125,-106,node1,2.8
417,2019-10-28 07:56:06.875161856+00:00,SF12BW125,-96,node3,7.2
418,2019-10-28 07:56:22.365165824+00:00,SF12BW125,-106,node2,2.8
419,2019-10-28 07:56:44.106624+00:00,SF12BW125,-103,node1,2.8
420,2019-10-28 07:57:12.987580928+00:00,SF12BW125,-97,node3,8.8
421,2019-10-28 07:57:28.478337024+00:00,SF12BW125,-108,node2,0.0
422,2019-10-28 07:57:50.229980928+00:00,SF12BW125,-99,node1,4.5
423,2019-10-28 07:58:19.103166208+00:00,SF12BW125,-95,node3,7.0
424,2019-10-28 07:58:34.592745984+00:00,SF12BW125,-108,node2,2.0
425,2019-10-28 07:58:56.338792960+00:00,SF12BW125,-100,node1,5.5
426,2019-10-28 07:59:40.716855040+00:00,SF12BW125,-104,node2,2.5
427,2019-10-28 08:00:02.459220992+00:00,SF12BW125,-101,node1,4.8
428,2019-10-28 08:00:31.343758080+00:00,SF12BW125,-96,node3,7.5
429,2019-10-28 08:00:46.827159808+00:00,SF12BW125,-109,node2,0.5
430,2019-10-28 08:01:52.946420992+00:00,SF12BW125,-108,node2,1.0
431,2019-10-28 08:02:14.689542144+00:00,SF12BW125,-101,node1,5.0
432,2019-10-28 08:02:43.568775936+00:00,SF12BW125,-96,node3,6.8
433,2019-10-28 08:02:59.060379904+00:00,SF12BW125,-106,node2,2.0
434,2019-10-28 08:03:20.804289024+00:00,SF12BW125,-103,node1,3.2
435,2019-10-28 08:03:49.692431872+00:00,SF12BW125,-96,node3,7.2
436,2019-10-28 08:04:05.182394112+00:00,SF12BW125,-108,node2,1.2
437,2019-10-28 08:04:55.827110144+00:00,SF12BW125,-95,node3,7.0
438,2019-10-28 08:05:33.041070080+00:00,SF12BW125,-103,node1,3.8
439,2019-10-28 08:06:01.925559040+00:00,SF12BW125,-97,node3,7.5
440,2019-10-28 08:06:17.417971968+00:00,SF12BW125,-104,node2,3.8
441,2019-10-28 08:07:45.278951936+00:00,SF12BW125,-107,node1,3.0
442,2019-10-28 08:08:14.158670848+00:00,SF12BW125,-95,node3,6.5
443,2019-10-28 08:08:29.646370816+00:00,SF12BW125,-106,node2,2.2
444,2019-10-28 08:08:51.389611008+00:00,SF12BW125,-107,node1,4.8
445,2019-10-28 08:09:20.270446080+00:00,SF12BW125,-94,node3,7.2
446,2019-10-28 08:09:35.765403904+00:00,SF12BW125,-107,node2,2.8
447,2019-10-28 08:10:26.392518144+00:00,SF12BW125,-96,node3,7.2
448,2019-10-28 08:10:41.880649216+00:00,SF12BW125,-104,node2,3.0
449,2019-10-28 08:11:03.627811072+00:00,SF12BW125,-101,node1,4.2
450,2019-10-28 08:11:32.504070912+00:00,SF12BW125,-94,node3,6.8
451,2019-10-28 08:11:48.003330048+00:00,SF12BW125,-107,node2,2.0
452,2019-10-28 08:12:09.742947072+00:00,SF12BW125,-102,node1,5.2
453,2019-10-28 08:12:54.118396928+00:00,SF12BW125,-107,node2,2.0
454,2019-10-28 08:13:15.863122944+00:00,SF12BW125,-102,node1,5.5
455,2019-10-28 08:13:44.777282048+00:00,SF12BW125,-96,node3,8.8
456,2019-10-28 08:14:21.976481024+00:00,SF12BW125,-101,node1,3.5
457,2019-10-28 08:15:06.351322880+00:00,SF12BW125,-105,node2,3.0
458,2019-10-28 08:15:28.098885888+00:00,SF12BW125,-108,node1,3.5
459,2019-10-28 08:16:34.205518080+00:00,SF12BW125,-104,node1,2.8
460,2019-10-28 08:17:03.092893952+00:00,SF12BW125,-96,node3,7.0
461,2019-10-28 08:17:18.590347008+00:00,SF12BW125,-107,node2,2.0
462,2019-10-28 08:17:40.330396928+00:00,SF12BW125,-108,node1,3.5
463,2019-10-28 08:18:24.707716096+00:00,SF12BW125,-109,node2,0.5
464,2019-10-28 08:18:46.448692992+00:00,SF12BW125,-100,node1,5.0
465,2019-10-28 08:19:15.327162880+00:00,SF12BW125,-99,node3,8.5
466,2019-10-28 08:19:30.821555968+00:00,SF12BW125,-108,node2,0.2
467,2019-10-28 08:19:52.562125056+00:00,SF12BW125,-106,node1,4.0
468,2019-10-28 08:20:21.445911040+00:00,SF12BW125,-96,node3,7.0
469,2019-10-28 08:20:58.678519040+00:00,SF12BW125,-106,node1,4.2
470,2019-10-28 08:21:27.562083072+00:00,SF12BW125,-97,node3,7.8
471,2019-10-28 08:21:43.063154944+00:00,SF12BW125,-106,node2,2.5
472,2019-10-28 08:22:04.795814144+00:00,SF12BW125,-106,node1,3.8
473,2019-10-28 08:22:33.678072064+00:00,SF12BW125,-97,node3,7.2
474,2019-10-28 08:23:10.912300032+00:00,SF12BW125,-104,node1,3.0
475,2019-10-28 08:23:39.791897088+00:00,SF12BW125,-97,node3,8.2
476,2019-10-28 08:23:55.577950976+00:00,SF12BW125,-108,node2,0.2
477,2019-10-28 08:24:17.026833920+00:00,SF12BW125,-102,node1,5.8
478,2019-10-28 08:24:45.915591936+00:00,SF12BW125,-96,node3,7.0
479,2019-10-28 08:25:01.413718016+00:00,SF12BW125,-106,node2,2.5
480,2019-10-28 08:26:29.266080+00:00,SF12BW125,-103,node1,4.5
481,2019-10-28 08:27:13.652451072+00:00,SF12BW125,-109,node2,0.0
482,2019-10-28 08:27:35.380634112+00:00,SF12BW125,-102,node1,5.0
483,2019-10-28 08:28:04.265001984+00:00,SF12BW125,-97,node3,7.5
484,2019-10-28 08:28:19.757739008+00:00,SF12BW125,-108,node2,2.0
485,2019-10-28 08:29:10.376514048+00:00,SF12BW125,-94,node3,7.2
486,2019-10-28 08:29:25.920670976+00:00,SF12BW125,-108,node2,1.2
487,2019-10-28 08:29:47.613879040+00:00,SF12BW125,-98,node1,6.5
488,2019-10-28 08:30:16.496952064+00:00,SF12BW125,-95,node3,7.2
489,2019-10-28 08:30:31.992989184+00:00,SF12BW125,-111,node2,0.8
490,2019-10-28 08:30:53.735697920+00:00,SF12BW125,-103,node1,4.5
491,2019-10-28 08:31:59.856044032+00:00,SF12BW125,-107,node1,4.8
492,2019-10-28 08:32:28.736905216+00:00,SF12BW125,-96,node3,9.5
493,2019-10-28 08:32:44.236079104+00:00,SF12BW125,-106,node2,1.8
494,2019-10-28 08:33:05.970966016+00:00,SF12BW125,-100,node1,4.5
495,2019-10-28 08:33:34.853550848+00:00,SF12BW125,-96,node3,8.5
496,2019-10-28 08:33:50.345926912+00:00,SF12BW125,-109,node2,0.0
497,2019-10-28 08:34:12.087081984+00:00,SF12BW125,-106,node1,4.5
498,2019-10-28 08:34:56.465446912+00:00,SF12BW125,-106,node2,3.5
499,2019-10-28 08:35:18.201453056+00:00,SF12BW125,-99,node1,5.8
500,2019-10-28 08:35:47.080697088+00:00,SF12BW125,-96,node3,7.0
501,2019-10-28 08:36:02.607276800+00:00,SF12BW125,-107,node2,1.5
502,2019-10-28 08:36:24.326750976+00:00,SF12BW125,-104,node1,3.0
503,2019-10-28 08:36:53.201750016+00:00,SF12BW125,-93,node3,6.2
504,2019-10-28 08:37:30.434888960+00:00,SF12BW125,-102,node1,4.5
505,2019-10-28 08:38:14.817604096+00:00,SF12BW125,-108,node2,0.0
506,2019-10-28 08:39:05.431538176+00:00,SF12BW125,-96,node3,7.5
507,2019-10-28 08:39:42.668476160+00:00,SF12BW125,-102,node1,3.2
508,2019-10-28 08:40:11.555193856+00:00,SF12BW125,-94,node3,6.5
509,2019-10-28 08:40:27.054771968+00:00,SF12BW125,-105,node2,3.2
510,2019-10-28 08:40:48.784450048+00:00,SF12BW125,-105,node1,4.2
511,2019-10-28 08:41:17.669722112+00:00,SF12BW125,-96,node3,6.8
512,2019-10-28 08:41:33.173396224+00:00,SF12BW125,-109,node2,0.2
513,2019-10-28 08:41:54.903654144+00:00,SF12BW125,-98,node1,5.0
514,2019-10-28 08:42:23.785916928+00:00,SF12BW125,-97,node3,6.2
515,2019-10-28 08:43:01.025556992+00:00,SF12BW125,-99,node1,5.5
516,2019-10-28 08:43:29.903616+00:00,SF12BW125,-96,node3,7.2
517,2019-10-28 08:43:45.403773184+00:00,SF12BW125,-103,node2,3.5
518,2019-10-28 08:44:07.141836800+00:00,SF12BW125,-100,node1,4.5
519,2019-10-28 08:44:51.522800896+00:00,SF12BW125,-103,node2,3.5
520,2019-10-28 08:45:42.139256832+00:00,SF12BW125,-96,node3,7.0
521,2019-10-28 08:45:57.639616+00:00,SF12BW125,-108,node2,1.0
522,2019-10-28 08:46:19.374460928+00:00,SF12BW125,-102,node1,4.0
523,2019-10-28 08:47:03.753127936+00:00,SF12BW125,-109,node2,0.2
524,2019-10-28 08:47:25.496287232+00:00,SF12BW125,-101,node1,4.8
525,2019-10-28 08:47:54.372358144+00:00,SF12BW125,-95,node3,6.5
526,2019-10-28 08:48:31.609739008+00:00,SF12BW125,-103,node1,5.5
527,2019-10-28 08:49:00.497577984+00:00,SF12BW125,-96,node3,8.2
528,2019-10-28 08:49:15.995625984+00:00,SF12BW125,-108,node2,1.2
529,2019-10-28 08:50:06.609574912+00:00,SF12BW125,-96,node3,8.8
530,2019-10-28 08:50:22.104685056+00:00,SF12BW125,-105,node2,3.5
531,2019-10-28 08:50:43.845367808+00:00,SF12BW125,-102,node1,6.0
532,2019-10-28 08:51:12.727510016+00:00,SF12BW125,-95,node3,8.8
533,2019-10-28 08:51:28.228638976+00:00,SF12BW125,-107,node2,3.0
534,2019-10-28 08:51:49.960740096+00:00,SF12BW125,-105,node1,2.0
535,2019-10-28 08:52:18.844163840+00:00,SF12BW125,-95,node3,8.0
536,2019-10-28 08:52:34.346883072+00:00,SF12BW125,-106,node2,1.8
537,2019-10-28 08:52:56.075148032+00:00,SF12BW125,-101,node1,5.5
538,2019-10-28 08:53:24.954364928+00:00,SF12BW125,-99,node3,8.0
539,2019-10-28 08:53:40.457360128+00:00,SF12BW125,-109,node2,-0.2
540,2019-10-28 08:54:31.078238976+00:00,SF12BW125,-96,node3,7.0
541,2019-10-28 08:54:46.578660864+00:00,SF12BW125,-107,node2,3.2
542,2019-10-28 08:55:52.694427904+00:00,SF12BW125,-107,node2,1.0
543,2019-10-28 08:56:14.427102976+00:00,SF12BW125,-99,node1,6.0
544,2019-10-28 08:56:43.310775040+00:00,SF12BW125,-95,node3,7.0
545,2019-10-28 08:57:20.547995136+00:00,SF12BW125,-103,node1,4.5
546,2019-10-28 08:57:49.424481024+00:00,SF12BW125,-96,node3,6.0
547,2019-10-28 08:58:04.935384064+00:00,SF12BW125,-105,node2,3.2
548,2019-10-28 08:58:26.665988864+00:00,SF12BW125,-99,node1,5.8
549,2019-10-28 08:58:55.546072064+00:00,SF12BW125,-97,node3,8.2
550,2019-10-28 08:59:11.051169024+00:00,SF12BW125,-105,node2,3.2
551,2019-10-28 08:59:32.778619904+00:00,SF12BW125,-100,node1,5.0
552,2019-10-28 09:00:01.663104+00:00,SF12BW125,-96,node3,7.0
553,2019-10-28 09:00:17.164762880+00:00,SF12BW125,-103,node2,3.5
554,2019-10-28 09:00:38.900142080+00:00,SF12BW125,-101,node1,4.8
555,2019-10-28 09:01:45.013593856+00:00,SF12BW125,-105,node1,4.5
556,2019-10-28 09:02:29.405314048+00:00,SF12BW125,-104,node2,4.0
557,2019-10-28 09:02:51.128573952+00:00,SF12BW125,-108,node1,2.2
558,2019-10-28 09:03:20.008371200+00:00,SF12BW125,-99,node3,6.5
559,2019-10-28 09:03:35.518049024+00:00,SF12BW125,-106,node2,2.5
560,2019-10-28 09:04:26.132342016+00:00,SF12BW125,-95,node3,7.0
561,2019-10-28 09:05:03.360506112+00:00,SF12BW125,-108,node1,2.2
562,2019-10-28 10:12:33.595719168+00:00,SF12BW125,-110,node3,-2.2
563,2019-10-28 10:14:45.824692992+00:00,SF12BW125,-108,node3,-0.8
564,2019-10-28 10:15:51.939645952+00:00,SF12BW125,-107,node3,-1.0
565,2019-10-28 10:15:57.671376896+00:00,SF12BW125,-101,node1,6.0
566,2019-10-28 10:17:03.601479936+00:00,SF12BW125,-102,node1,5.2
567,2019-10-28 10:18:04.179161088+00:00,SF12BW125,-108,node3,-1.0
568,2019-10-28 10:18:09.719193088+00:00,SF12BW125,-100,node1,5.0
569,2019-10-28 10:19:10.296833024+00:00,SF12BW125,-109,node3,-1.8
570,2019-10-28 10:19:15.826812928+00:00,SF12BW125,-99,node1,6.8
571,2019-10-28 10:20:16.474298112+00:00,SF12BW125,-108,node3,-0.2
572,2019-10-28 10:20:21.947179008+00:00,SF12BW125,-97,node1,5.2
573,2019-10-28 10:21:28.067568896+00:00,SF12BW125,-103,node1,5.8
574,2019-10-28 10:22:28.641640960+00:00,SF12BW125,-109,node3,-0.2
575,2019-10-28 10:22:34.183141888+00:00,SF12BW125,-96,node1,5.5
576,2019-10-28 10:23:34.756283904+00:00,SF12BW125,-107,node3,-0.8
577,2019-10-28 10:24:40.880527872+00:00,SF12BW125,-107,node3,0.0
578,2019-10-28 10:24:46.419388160+00:00,SF12BW125,-97,node1,5.5
579,2019-10-28 10:25:46.992716032+00:00,SF12BW125,-108,node3,-0.5
580,2019-10-28 10:25:52.535319040+00:00,SF12BW125,-96,node1,6.0
581,2019-10-28 10:26:53.116712192+00:00,SF12BW125,-112,node3,-1.0
582,2019-10-28 10:28:04.766146048+00:00,SF12BW125,-99,node1,5.5
583,2019-10-28 10:29:05.345526016+00:00,SF12BW125,-108,node3,-1.0
584,2019-10-28 10:29:10.880544+00:00,SF12BW125,-103,node1,5.8
585,2019-10-28 10:30:11.465879040+00:00,SF12BW125,-112,node3,-1.8
586,2019-10-28 10:30:17.002831104+00:00,SF12BW125,-99,node1,5.8
587,2019-10-28 10:31:17.582638080+00:00,SF12BW125,-111,node3,-0.5
588,2019-10-28 10:32:23.697947904+00:00,SF12BW125,-109,node3,-0.8
589,2019-10-28 10:32:29.236502784+00:00,SF12BW125,-99,node1,5.5
590,2019-10-28 10:33:29.809672960+00:00,SF12BW125,-109,node3,-0.2
591,2019-10-28 10:33:32.420398848+00:00,SF12BW125,-113,node2,-13.2
592,2019-10-28 10:33:46.136670208+00:00,SF12BW125,-113,node2,-13.5
593,2019-10-28 10:34:41.472910848+00:00,SF12BW125,-102,node1,6.2
594,2019-10-28 10:34:52.251585024+00:00,SF12BW125,-113,node2,-18.5
595,2019-10-28 10:35:42.045003008+00:00,SF12BW125,-112,node3,0.0
596,2019-10-28 10:35:47.584374784+00:00,SF12BW125,-99,node1,6.0
597,2019-10-28 10:36:48.167924992+00:00,SF12BW125,-112,node3,-1.5
598,2019-10-28 10:36:53.704370944+00:00,SF12BW125,-97,node1,5.8
599,2019-10-28 10:37:04.486605056+00:00,SF12BW125,-111,node2,-12.8
600,2019-10-28 10:37:54.276819968+00:00,SF12BW125,-113,node3,-1.2
601,2019-10-28 10:38:10.602221056+00:00,SF12BW125,-113,node2,-8.8
602,2019-10-28 10:39:00.393181184+00:00,SF12BW125,-108,node3,-2.2
603,2019-10-28 10:39:05.938539008+00:00,SF12BW125,-100,node1,5.0
604,2019-10-28 10:39:16.726315008+00:00,SF12BW125,-112,node2,-9.5
605,2019-10-28 10:39:42.276449024+00:00,SF12BW125,-113,node2,-10.2
606,2019-10-28 10:39:45.587260928+00:00,SF12BW125,-113,node2,-11.2
607,2019-10-28 10:39:51.063060992+00:00,SF12BW125,-113,node2,-10.2
608,2019-10-28 10:40:06.516280832+00:00,SF12BW125,-111,node3,-1.0
609,2019-10-28 10:41:12.634927872+00:00,SF12BW125,-113,node3,-2.8
610,2019-10-28 10:41:18.168390144+00:00,SF12BW125,-103,node1,6.0
611,2019-10-28 10:42:03.299639040+00:00,SF12BW125,-111,node2,-9.2
612,2019-10-28 10:42:06.608585984+00:00,SF12BW125,-113,node2,-8.8
613,2019-10-28 10:42:18.741832960+00:00,SF12BW125,-111,node3,-1.2
614,2019-10-28 10:42:24.284462080+00:00,SF12BW125,-96,node1,4.8
615,2019-10-28 10:43:12.733232896+00:00,SF12BW125,-112,node2,-8.5
616,2019-10-28 10:43:30.406496+00:00,SF12BW125,-97,node1,6.2
617,2019-10-28 10:43:49.294950912+00:00,SF12BW125,-112,node2,-9.0
618,2019-10-28 10:44:30.984463104+00:00,SF12BW125,-108,node3,-1.2
619,2019-10-28 10:44:55.410094080+00:00,SF12BW125,-113,node2,-8.2
620,2019-10-28 10:45:37.096815104+00:00,SF12BW125,-109,node3,-0.8
621,2019-10-28 10:45:42.644089088+00:00,SF12BW125,-99,node1,5.0
622,2019-10-28 10:46:12.906163968+00:00,SF12BW125,-113,node2,-9.8
623,2019-10-28 10:46:16.165883136+00:00,SF12BW125,-113,node2,-7.2
624,2019-10-28 10:46:30.703634944+00:00,SF12BW125,-112,node2,-7.0
625,2019-10-28 10:46:43.217520896+00:00,SF12BW125,-109,node3,-1.2
626,2019-10-28 10:46:48.752912896+00:00,SF12BW125,-101,node1,4.8
627,2019-10-28 10:47:28.994394112+00:00,SF12BW125,-112,node2,-6.8
628,2019-10-28 10:47:49.331963136+00:00,SF12BW125,-106,node3,0.2
629,2019-10-28 10:47:54.877177856+00:00,SF12BW125,-99,node1,6.0
630,2019-10-28 10:48:35.103564032+00:00,SF12BW125,-113,node2,-6.8
631,2019-10-28 10:48:55.448622848+00:00,SF12BW125,-108,node3,-1.0
632,2019-10-28 10:49:00.991938048+00:00,SF12BW125,-97,node1,5.0
633,2019-10-28 10:49:41.220326912+00:00,SF12BW125,-113,node2,-9.2
634,2019-10-28 10:50:01.567107840+00:00,SF12BW125,-108,node3,0.5
635,2019-10-28 10:50:07.107181056+00:00,SF12BW125,-103,node1,5.2
636,2019-10-28 10:50:47.344986880+00:00,SF12BW125,-109,node2,-8.0
637,2019-10-28 10:50:52.789978880+00:00,SF12BW125,-112,node2,-7.0
638,2019-10-28 10:51:13.221421056+00:00,SF12BW125,-103,node1,5.2
639,2019-10-28 10:52:13.795842048+00:00,SF12BW125,-108,node3,-0.2
640,2019-10-28 10:52:19.339889152+00:00,SF12BW125,-99,node1,5.5
641,2019-10-28 10:53:05.016854016+00:00,SF12BW125,-112,node2,-9.5
642,2019-10-28 10:53:19.916719872+00:00,SF12BW125,-111,node3,-0.8
643,2019-10-28 10:53:25.460647168+00:00,SF12BW125,-99,node1,6.2
644,2019-10-28 10:54:26.034571008+00:00,SF12BW125,-111,node3,-1.8
645,2019-10-28 10:54:31.574693888+00:00,SF12BW125,-100,node1,6.2
646,2019-10-28 10:55:17.258104064+00:00,SF12BW125,-111,node2,-6.8
647,2019-10-28 10:55:32.150355200+00:00,SF12BW125,-109,node3,0.5
648,2019-10-28 10:56:23.374176+00:00,SF12BW125,-110,node2,-6.5
649,2019-10-28 10:56:43.809495040+00:00,SF12BW125,-101,node1,5.8
650,2019-10-28 10:57:29.493814016+00:00,SF12BW125,-112,node2,-8.2
651,2019-10-28 10:57:44.385273088+00:00,SF12BW125,-108,node3,0.2
652,2019-10-28 10:57:49.928528128+00:00,SF12BW125,-97,node1,4.5
653,2019-10-28 10:58:56.036539904+00:00,SF12BW125,-101,node1,4.8
654,2019-10-28 10:59:37.999043072+00:00,SF12BW125,-113,node2,-8.0
655,2019-10-28 10:59:56.620276992+00:00,SF12BW125,-108,node3,-1.0
656,2019-10-28 11:00:02.161527040+00:00,SF12BW125,-99,node1,4.8
657,2019-10-28 11:01:02.733366016+00:00,SF12BW125,-112,node3,-1.5
658,2019-10-28 11:01:16.203088896+00:00,SF12BW125,-111,node2,-7.0
659,2019-10-28 11:02:14.396045056+00:00,SF12BW125,-96,node1,5.8
660,2019-10-28 11:02:22.331554816+00:00,SF12BW125,-113,node2,-5.8
661,2019-10-28 11:03:14.966310912+00:00,SF12BW125,-112,node3,0.8
662,2019-10-28 11:03:20.503547904+00:00,SF12BW125,-100,node1,7.2
663,2019-10-28 11:03:28.432851968+00:00,SF12BW125,-114,node2,-5.0
664,2019-10-28 11:04:26.628658944+00:00,SF12BW125,-99,node1,5.2
665,2019-10-28 11:04:34.552568064+00:00,SF12BW125,-111,node2,-9.2
666,2019-10-28 11:05:27.200265984+00:00,SF12BW125,-107,node3,-0.2
667,2019-10-28 11:05:32.750543104+00:00,SF12BW125,-100,node1,5.2
668,2019-10-28 11:06:33.315927040+00:00,SF12BW125,-113,node3,-3.8
669,2019-10-28 11:06:46.785801984+00:00,SF12BW125,-111,node2,-8.0
670,2019-10-28 11:07:39.430244096+00:00,SF12BW125,-108,node3,-0.2
671,2019-10-28 11:07:44.978404096+00:00,SF12BW125,-99,node1,5.5
672,2019-10-28 11:07:52.901526016+00:00,SF12BW125,-113,node2,-7.2
673,2019-10-28 11:08:45.545625088+00:00,SF12BW125,-111,node3,-1.5
674,2019-10-28 11:08:59.018859008+00:00,SF12BW125,-114,node2,-9.0
675,2019-10-28 11:09:51.667595008+00:00,SF12BW125,-109,node3,-0.8
676,2019-10-28 11:10:05.143731200+00:00,SF12BW125,-112,node2,-9.5
677,2019-10-28 11:11:03.334011904+00:00,SF12BW125,-103,node1,5.5
678,2019-10-28 11:11:11.256591104+00:00,SF12BW125,-112,node2,-8.0
679,2019-10-28 11:11:39.538479104+00:00,SF12BW125,-113,node2,-7.8
680,2019-10-28 11:11:54.585246208+00:00,SF12BW125,-110,node2,-6.8
681,2019-10-28 11:12:03.903661056+00:00,SF12BW125,-109,node3,-0.2
682,2019-10-28 11:12:09.448504064+00:00,SF12BW125,-107,node1,4.2
683,2019-10-28 11:13:00.726973184+00:00,SF12BW125,-112,node2,-8.0
684,2019-10-28 11:13:15.563702016+00:00,SF12BW125,-102,node1,6.5
685,2019-10-28 11:15:22.251766016+00:00,SF12BW125,-108,node3,-0.5
686,2019-10-28 11:15:27.796335104+00:00,SF12BW125,-99,node1,6.5
687,2019-10-28 11:15:46.972660992+00:00,SF12BW125,-113,node2,-8.2
688,2019-10-28 11:15:50.412651008+00:00,SF12BW125,-110,node2,-8.0
689,2019-10-28 11:16:28.366610944+00:00,SF12BW125,-109,node3,-0.5
690,2019-10-28 11:16:56.937153024+00:00,SF12BW125,-110,node2,-7.0
691,2019-10-28 11:17:03.886902016+00:00,SF12BW125,-112,node2,-8.5
692,2019-10-28 11:17:34.490078976+00:00,SF12BW125,-109,node3,-0.2
693,2019-10-28 11:17:40.038475008+00:00,SF12BW125,-99,node1,5.5
694,2019-10-28 11:18:40.607659008+00:00,SF12BW125,-113,node3,-1.2
695,2019-10-28 11:19:46.720387840+00:00,SF12BW125,-110,node3,-2.0
696,2019-10-28 11:19:49.609366784+00:00,SF12BW125,-112,node2,-8.0
697,2019-10-28 11:19:52.264986112+00:00,SF12BW125,-99,node1,5.0
698,2019-10-28 11:20:15.070353920+00:00,SF12BW125,-111,node2,-9.0
699,2019-10-28 11:20:44.467927040+00:00,SF12BW125,-113,node2,-6.5
700,2019-10-28 11:20:51.953017856+00:00,SF12BW125,-114,node2,-8.2
701,2019-10-28 11:20:52.834129152+00:00,SF12BW125,-109,node3,0.0
702,2019-10-28 11:21:53.691441152+00:00,SF12BW125,-110,node2,-7.5
703,2019-10-28 11:22:04.505161984+00:00,SF12BW125,-97,node1,6.5
704,2019-10-28 11:22:59.815478016+00:00,SF12BW125,-110,node2,-6.8
705,2019-10-28 11:23:03.730124032+00:00,SF12BW125,-112,node2,-7.0
706,2019-10-28 11:23:05.075588864+00:00,SF12BW125,-109,node3,-0.8
707,2019-10-28 11:23:10.620808960+00:00,SF12BW125,-102,node1,6.0
708,2019-10-28 11:24:09.852000+00:00,SF12BW125,-113,node2,-9.2
709,2019-10-28 11:24:11.188858112+00:00,SF12BW125,-108,node3,1.2
710,2019-10-28 11:24:16.737325824+00:00,SF12BW125,-96,node1,5.5
711,2019-10-28 11:25:16.713540096+00:00,SF12BW125,-112,node2,-8.2
712,2019-10-28 11:25:17.303940096+00:00,SF12BW125,-109,node3,-2.0
713,2019-10-28 11:26:22.833390848+00:00,SF12BW125,-113,node2,-10.8
714,2019-10-28 11:26:23.424993024+00:00,SF12BW125,-109,node3,0.0
715,2019-10-28 11:26:28.972654080+00:00,SF12BW125,-100,node1,6.5
716,2019-10-28 11:27:28.952893952+00:00,SF12BW125,-113,node2,-10.0
717,2019-10-28 11:27:29.537914112+00:00,SF12BW125,-106,node3,0.8
718,2019-10-28 11:27:32.534776832+00:00,SF12BW125,-113,node2,-8.8
719,2019-10-28 11:27:35.088794112+00:00,SF12BW125,-103,node1,5.8
720,2019-10-28 11:27:46.972902144+00:00,SF12BW125,-113,node2,-12.0
721,2019-10-28 11:28:41.208587776+00:00,SF12BW125,-97,node1,5.5
722,2019-10-28 11:28:58.810715904+00:00,SF12BW125,-111,node2,-5.2
723,2019-10-28 11:29:02.695472896+00:00,SF12BW125,-112,node2,-9.2
724,2019-10-28 11:29:47.318091008+00:00,SF12BW125,-97,node1,6.0
725,2019-10-28 11:30:08.812792064+00:00,SF12BW125,-112,node2,-7.0
726,2019-10-28 11:30:47.899607808+00:00,SF12BW125,-112,node3,-1.0
727,2019-10-28 11:30:53.436392192+00:00,SF12BW125,-101,node1,6.5
728,2019-10-28 11:31:54.012933120+00:00,SF12BW125,-108,node3,-0.2
729,2019-10-28 11:31:59.558958080+00:00,SF12BW125,-99,node1,5.2
730,2019-10-28 11:32:21.047816960+00:00,SF12BW125,-113,node2,-8.0
731,2019-10-28 11:33:00.121974016+00:00,SF12BW125,-106,node3,1.0
732,2019-10-28 11:33:05.674338048+00:00,SF12BW125,-99,node1,5.8
733,2019-10-28 11:33:27.825725952+00:00,SF12BW125,-111,node2,-6.0
734,2019-10-28 11:34:06.239481856+00:00,SF12BW125,-112,node3,-1.2
735,2019-10-28 11:34:11.786714112+00:00,SF12BW125,-99,node1,5.2
736,2019-10-28 11:34:35.214119936+00:00,SF12BW125,-113,node2,-8.2
737,2019-10-28 11:35:12.356651008+00:00,SF12BW125,-113,node3,-1.5
738,2019-10-28 11:35:17.910247936+00:00,SF12BW125,-102,node1,6.5
739,2019-10-28 11:35:29.061897984+00:00,SF12BW125,-112,node2,-9.5
740,2019-10-28 11:36:18.483163136+00:00,SF12BW125,-107,node3,-0.2
741,2019-10-28 11:36:24.026840832+00:00,SF12BW125,-102,node1,4.8
742,2019-10-28 11:36:35.168699904+00:00,SF12BW125,-114,node2,-8.5
743,2019-10-28 11:37:24.592807936+00:00,SF12BW125,-111,node3,-1.0
744,2019-10-28 11:37:30.138500864+00:00,SF12BW125,-100,node1,6.0
745,2019-10-28 11:37:41.290510848+00:00,SF12BW125,-109,node2,-6.8
746,2019-10-28 11:38:30.712280064+00:00,SF12BW125,-108,node3,-1.2
747,2019-10-28 11:38:47.410821888+00:00,SF12BW125,-113,node2,-8.8
748,2019-10-28 11:39:42.370592+00:00,SF12BW125,-102,node1,4.5
749,2019-10-28 11:39:53.528928+00:00,SF12BW125,-111,node2,-7.2
750,2019-10-28 11:40:42.947277056+00:00,SF12BW125,-109,node3,0.0
751,2019-10-28 11:40:48.488733952+00:00,SF12BW125,-98,node1,5.8
752,2019-10-28 11:40:59.643953920+00:00,SF12BW125,-112,node2,-6.5
753,2019-10-28 11:41:49.059779840+00:00,SF12BW125,-112,node3,-1.8
754,2019-10-28 11:41:54.606089984+00:00,SF12BW125,-103,node1,5.2
755,2019-10-28 11:42:05.759657984+00:00,SF12BW125,-113,node2,-8.8
756,2019-10-28 11:42:55.179747072+00:00,SF12BW125,-112,node3,-2.8
757,2019-10-28 11:43:00.728506112+00:00,SF12BW125,-101,node1,5.5
758,2019-10-28 11:43:11.876871936+00:00,SF12BW125,-111,node2,-7.8
759,2019-10-28 11:44:06.845640960+00:00,SF12BW125,-101,node1,6.2
760,2019-10-28 11:44:17.999346944+00:00,SF12BW125,-114,node2,-8.5
761,2019-10-28 11:45:12.961273856+00:00,SF12BW125,-103,node1,5.2
762,2019-10-28 11:46:13.526673920+00:00,SF12BW125,-113,node3,-1.0
763,2019-10-28 11:46:19.081325056+00:00,SF12BW125,-103,node1,4.8
764,2019-10-28 11:46:30.228709888+00:00,SF12BW125,-113,node2,-8.5
765,2019-10-28 11:47:19.645198080+00:00,SF12BW125,-108,node3,-1.2
766,2019-10-28 11:47:25.194246144+00:00,SF12BW125,-101,node1,5.0
767,2019-10-28 11:48:25.769031168+00:00,SF12BW125,-107,node3,-0.8
768,2019-10-28 11:48:31.316737792+00:00,SF12BW125,-103,node1,6.0
769,2019-10-28 11:48:42.464580096+00:00,SF12BW125,-113,node2,-7.8
770,2019-10-28 11:49:31.881277952+00:00,SF12BW125,-113,node3,-1.2
771,2019-10-28 11:49:48.587891968+00:00,SF12BW125,-114,node2,-6.5
772,2019-10-28 11:50:43.552839936+00:00,SF12BW125,-102,node1,6.2
773,2019-10-28 11:50:54.700929024+00:00,SF12BW125,-112,node2,-5.2
774,2019-10-28 11:51:44.119580928+00:00,SF12BW125,-108,node3,0.2
775,2019-10-28 11:51:49.659166976+00:00,SF12BW125,-99,node1,5.2
776,2019-10-28 11:52:00.818299136+00:00,SF12BW125,-112,node2,-6.0
777,2019-10-28 11:52:55.783361792+00:00,SF12BW125,-100,node1,7.8
778,2019-10-28 11:53:06.933382144+00:00,SF12BW125,-114,node2,-5.5
779,2019-10-28 11:53:56.354770944+00:00,SF12BW125,-112,node3,3.0
780,2019-10-28 11:54:01.902977024+00:00,SF12BW125,-99,node1,7.8
781,2019-10-28 11:54:13.048444928+00:00,SF12BW125,-118,node2,-4.0
782,2019-10-28 11:55:02.474428928+00:00,SF12BW125,-111,node3,0.5
783,2019-10-28 11:55:19.169778176+00:00,SF12BW125,-114,node2,-5.8
784,2019-10-28 11:56:08.587214080+00:00,SF12BW125,-109,node3,-0.5
785,2019-10-28 11:56:14.135819008+00:00,SF12BW125,-97,node1,5.8
786,2019-10-28 11:56:25.281905920+00:00,SF12BW125,-113,node2,-6.5
787,2019-10-28 11:57:14.711597824+00:00,SF12BW125,-108,node3,-0.8
788,2019-10-28 11:57:20.245901056+00:00,SF12BW125,-102,node1,7.5
789,2019-10-28 11:57:31.399190016+00:00,SF12BW125,-113,node2,-10.0
790,2019-10-28 11:58:20.825093120+00:00,SF12BW125,-109,node3,0.0
791,2019-10-28 11:58:26.364260864+00:00,SF12BW125,-98,node1,7.2
792,2019-10-28 11:59:26.943355136+00:00,SF12BW125,-108,node3,0.8
793,2019-10-28 11:59:32.487515904+00:00,SF12BW125,-102,node1,7.2
794,2019-10-28 11:59:43.637595904+00:00,SF12BW125,-112,node2,-7.0
795,2019-10-28 12:00:33.056075008+00:00,SF12BW125,-109,node3,0.2
796,2019-10-28 12:00:49.749600768+00:00,SF12BW125,-110,node2,-7.2
797,2019-10-28 12:01:39.173431040+00:00,SF12BW125,-108,node3,0.0
798,2019-10-28 12:01:44.719248128+00:00,SF12BW125,-99,node1,6.2
799,2019-10-28 12:01:55.868087040+00:00,SF12BW125,-113,node2,-8.8
800,2019-10-28 12:02:45.290128896+00:00,SF12BW125,-111,node3,-0.5
801,2019-10-28 12:02:50.837917952+00:00,SF12BW125,-100,node1,5.8
802,2019-10-28 12:03:02.113282048+00:00,SF12BW125,-112,node2,-7.0
803,2019-10-28 12:03:51.413197056+00:00,SF12BW125,-110,node3,-2.0
804,2019-10-28 12:05:03.073665024+00:00,SF12BW125,-105,node1,5.0
805,2019-10-28 12:05:14.224327936+00:00,SF12BW125,-112,node2,-8.2
806,2019-10-28 12:06:03.648461056+00:00,SF12BW125,-107,node3,-1.0
807,2019-10-28 12:06:09.189977856+00:00,SF12BW125,-105,node1,4.5
808,2019-10-28 12:06:20.341249024+00:00,SF12BW125,-111,node2,-8.5
809,2019-10-28 12:07:15.300075008+00:00,SF12BW125,-101,node1,5.8
810,2019-10-28 12:07:26.453899008+00:00,SF12BW125,-113,node2,-7.5
811,2019-10-28 12:08:15.881200128+00:00,SF12BW125,-109,node3,0.0
812,2019-10-28 12:08:21.418435072+00:00,SF12BW125,-102,node1,6.5
813,2019-10-28 12:08:32.572529152+00:00,SF12BW125,-113,node2,-8.8
814,2019-10-28 12:09:27.537388032+00:00,SF12BW125,-99,node1,6.0
815,2019-10-28 12:09:38.694978048+00:00,SF12BW125,-113,node2,-8.8
816,2019-10-28 12:10:28.110415104+00:00,SF12BW125,-109,node3,0.0
817,2019-10-28 12:10:33.653153792+00:00,SF12BW125,-98,node1,6.0
818,2019-10-28 12:10:44.809672192+00:00,SF12BW125,-113,node2,-7.5
819,2019-10-28 12:11:34.231951104+00:00,SF12BW125,-113,node3,-0.8
820,2019-10-28 12:11:39.778390784+00:00,SF12BW125,-103,node1,5.8
821,2019-10-28 12:11:50.931341824+00:00,SF12BW125,-112,node2,-9.2
822,2019-10-28 12:12:45.893035776+00:00,SF12BW125,-101,node1,5.2
823,2019-10-28 12:12:57.111000064+00:00,SF12BW125,-113,node2,-8.5
824,2019-10-28 12:13:46.462970880+00:00,SF12BW125,-109,node3,-0.2
825,2019-10-28 12:13:52.010799872+00:00,SF12BW125,-101,node1,6.0
826,2019-10-28 12:14:03.159801856+00:00,SF12BW125,-113,node2,-9.0
827,2019-10-28 12:14:58.121421056+00:00,SF12BW125,-103,node1,7.0
828,2019-10-28 12:16:04.234639872+00:00,SF12BW125,-101,node1,7.2
829,2019-10-28 12:16:15.399038976+00:00,SF12BW125,-114,node2,-13.8
830,2019-10-28 12:17:04.812535040+00:00,SF12BW125,-113,node3,1.0
831,2019-10-28 12:17:21.509094912+00:00,SF12BW125,-117,node2,-11.5
832,2019-10-28 12:18:10.929207040+00:00,SF12BW125,-110,node3,4.2
833,2019-10-28 12:18:16.471132928+00:00,SF12BW125,-97,node1,8.8
834,2019-10-28 12:18:27.627739904+00:00,SF12BW125,-115,node2,-10.2
835,2019-10-28 12:19:17.052412160+00:00,SF12BW125,-108,node3,0.5
836,2019-10-28 12:19:33.743634944+00:00,SF12BW125,-113,node2,-11.8
837,2019-10-28 12:20:23.164352+00:00,SF12BW125,-109,node3,0.5
838,2019-10-28 12:20:28.705404928+00:00,SF12BW125,-102,node1,6.2
839,2019-10-28 12:21:29.278019840+00:00,SF12BW125,-112,node3,-0.2
840,2019-10-28 12:21:34.827794944+00:00,SF12BW125,-103,node1,5.2
841,2019-10-28 12:21:45.981331968+00:00,SF12BW125,-112,node2,-13.5
842,2019-10-28 12:22:40.937964800+00:00,SF12BW125,-101,node1,6.2
843,2019-10-28 12:22:52.101515008+00:00,SF12BW125,-113,node2,-9.5
844,2019-10-28 12:23:41.513022976+00:00,SF12BW125,-109,node3,1.0
845,2019-10-28 12:23:47.056334848+00:00,SF12BW125,-101,node1,5.8
846,2019-10-28 12:24:47.631649024+00:00,SF12BW125,-107,node3,1.5
847,2019-10-28 12:24:53.174123008+00:00,SF12BW125,-101,node1,5.5
848,2019-10-28 12:25:04.332390912+00:00,SF12BW125,-112,node2,-9.8
849,2019-10-28 12:25:59.290653952+00:00,SF12BW125,-99,node1,5.8
850,2019-10-28 12:26:59.870193920+00:00,SF12BW125,-109,node3,0.0
851,2019-10-28 12:27:05.414469120+00:00,SF12BW125,-101,node1,5.8
852,2019-10-28 12:27:16.571824128+00:00,SF12BW125,-112,node2,-11.5
853,2019-10-28 12:28:05.983771136+00:00,SF12BW125,-108,node3,0.5
854,2019-10-28 12:28:22.682420992+00:00,SF12BW125,-113,node2,-12.0
855,2019-10-28 12:29:12.098084864+00:00,SF12BW125,-108,node3,1.2
856,2019-10-28 12:29:17.644166912+00:00,SF12BW125,-101,node1,5.8
857,2019-10-28 12:29:28.804569856+00:00,SF12BW125,-112,node2,-11.2
858,2019-10-28 12:30:18.215086848+00:00,SF12BW125,-107,node3,2.2
859,2019-10-28 12:30:23.763374080+00:00,SF12BW125,-100,node1,5.2
860,2019-10-28 12:30:34.920954880+00:00,SF12BW125,-112,node2,-12.0
861,2019-10-28 12:31:24.332928+00:00,SF12BW125,-107,node3,0.8
862,2019-10-28 12:31:29.875673088+00:00,SF12BW125,-103,node1,5.5
863,2019-10-28 12:31:41.037014016+00:00,SF12BW125,-112,node2,-11.0
864,2019-10-28 12:32:30.453315072+00:00,SF12BW125,-107,node3,1.8
865,2019-10-28 12:32:47.155542016+00:00,SF12BW125,-113,node2,-9.5
866,2019-10-28 12:33:42.115542784+00:00,SF12BW125,-105,node1,4.5
867,2019-10-28 12:33:53.271887104+00:00,SF12BW125,-113,node2,-10.0
868,2019-10-28 12:34:42.683751936+00:00,SF12BW125,-107,node3,1.8
869,2019-10-28 12:34:48.232899840+00:00,SF12BW125,-102,node1,6.2
870,2019-10-28 12:34:59.383974912+00:00,SF12BW125,-115,node2,-13.0
871,2019-10-28 12:35:54.343796992+00:00,SF12BW125,-100,node1,6.0
872,2019-10-28 13:40:19.225945088+00:00,SF12BW125,-106,node1,0.8
873,2019-10-28 13:40:20.526628864+00:00,SF12BW125,-111,node2,-6.5
874,2019-10-28 13:40:24.590426880+00:00,SF12BW125,-114,node3,-5.8
875,2019-10-28 13:41:25.337775104+00:00,SF12BW125,-106,node1,2.0
876,2019-10-28 13:41:26.641522944+00:00,SF12BW125,-112,node2,-4.5
877,2019-10-28 13:41:30.709064960+00:00,SF12BW125,-113,node3,-5.0
878,2019-10-28 13:42:31.456023040+00:00,SF12BW125,-109,node1,2.5
879,2019-10-28 13:42:32.759448064+00:00,SF12BW125,-113,node2,-4.5
880,2019-10-28 13:43:37.575045120+00:00,SF12BW125,-107,node1,1.8
881,2019-10-28 13:43:38.873945856+00:00,SF12BW125,-111,node2,-3.2
882,2019-10-28 13:43:42.942959104+00:00,SF12BW125,-113,node3,-6.0
883,2019-10-28 13:44:43.693038848+00:00,SF12BW125,-107,node1,1.5
884,2019-10-28 13:44:44.988606976+00:00,SF12BW125,-113,node2,-4.0
885,2019-10-28 13:44:49.056508160+00:00,SF12BW125,-113,node3,-6.8
886,2019-10-28 13:45:49.807282944+00:00,SF12BW125,-112,node1,-1.2
887,2019-10-28 13:45:51.109318912+00:00,SF12BW125,-113,node2,-4.2
888,2019-10-28 13:45:55.173347840+00:00,SF12BW125,-113,node3,-6.5
889,2019-10-28 13:46:55.916654080+00:00,SF12BW125,-108,node1,0.8
890,2019-10-28 13:46:57.226295040+00:00,SF12BW125,-113,node2,-4.5
891,2019-10-28 13:47:01.288704+00:00,SF12BW125,-112,node3,-6.5
892,2019-10-28 13:48:02.042459904+00:00,SF12BW125,-107,node1,0.8
893,2019-10-28 13:48:03.341104128+00:00,SF12BW125,-110,node2,-3.5
894,2019-10-28 13:49:09.462330112+00:00,SF12BW125,-112,node2,-4.2
895,2019-10-28 13:49:13.524653824+00:00,SF12BW125,-112,node3,-7.2
896,2019-10-28 13:51:20.387468032+00:00,SF12BW125,-109,node1,1.0
897,2019-10-28 13:51:21.699585792+00:00,SF12BW125,-113,node2,-5.0
898,2019-10-28 13:51:25.759894016+00:00,SF12BW125,-113,node3,-7.5
899,2019-10-28 13:52:26.509512960+00:00,SF12BW125,-109,node1,0.8
900,2019-10-28 13:52:27.815433984+00:00,SF12BW125,-113,node2,-4.2
901,2019-10-28 13:52:31.880045056+00:00,SF12BW125,-112,node3,-7.0
902,2019-10-28 13:53:32.625976064+00:00,SF12BW125,-106,node1,1.2
903,2019-10-28 13:53:33.924252160+00:00,SF12BW125,-113,node2,-4.8
904,2019-10-28 13:54:38.742811904+00:00,SF12BW125,-109,node1,1.0
905,2019-10-28 13:54:40.039473152+00:00,SF12BW125,-113,node2,-4.5
906,2019-10-28 13:54:44.118393856+00:00,SF12BW125,-113,node3,-5.2
907,2019-10-28 13:55:44.852143104+00:00,SF12BW125,-108,node1,0.8
908,2019-10-28 13:55:46.164238848+00:00,SF12BW125,-112,node2,-4.8
909,2019-10-28 13:55:50.230048+00:00,SF12BW125,-113,node3,-6.2
910,2019-10-28 13:56:50.976596992+00:00,SF12BW125,-109,node1,1.8
911,2019-10-28 13:56:52.278373888+00:00,SF12BW125,-113,node2,-4.5
912,2019-10-28 13:56:56.344158976+00:00,SF12BW125,-111,node3,-7.0
913,2019-10-28 13:57:58.395685888+00:00,SF12BW125,-111,node2,-5.0
914,2019-10-28 13:58:02.465952+00:00,SF12BW125,-113,node3,-6.5
915,2019-10-28 13:59:03.211323136+00:00,SF12BW125,-107,node1,1.8
916,2019-10-28 13:59:04.514301184+00:00,SF12BW125,-112,node2,-4.8
917,2019-10-28 13:59:08.587533824+00:00,SF12BW125,-113,node3,-5.5
918,2019-10-28 14:00:09.324899840+00:00,SF12BW125,-109,node1,0.5
919,2019-10-28 14:00:10.625574144+00:00,SF12BW125,-111,node2,-3.5
920,2019-10-28 14:00:14.701622016+00:00,SF12BW125,-112,node3,-6.5
921,2019-10-28 14:01:15.443592960+00:00,SF12BW125,-108,node1,0.5
922,2019-10-28 14:01:16.742593024+00:00,SF12BW125,-113,node2,-3.8
923,2019-10-28 14:01:20.817473792+00:00,SF12BW125,-110,node3,-7.0
924,2019-10-28 14:02:21.564369920+00:00,SF12BW125,-108,node1,1.0
925,2019-10-28 14:02:22.866221824+00:00,SF12BW125,-113,node2,-3.8
926,2019-10-28 14:02:26.930898944+00:00,SF12BW125,-113,node3,-6.0
927,2019-10-28 14:03:27.683264+00:00,SF12BW125,-109,node1,0.8
928,2019-10-28 14:03:28.984363008+00:00,SF12BW125,-111,node2,-5.0
929,2019-10-28 14:03:33.053696+00:00,SF12BW125,-113,node3,-5.8
930,2019-10-28 14:04:33.793832960+00:00,SF12BW125,-108,node1,0.8
931,2019-10-28 14:04:39.170053120+00:00,SF12BW125,-113,node3,-7.2
932,2019-10-28 14:05:39.905064960+00:00,SF12BW125,-106,node1,1.2
933,2019-10-28 14:05:41.211206912+00:00,SF12BW125,-111,node2,-3.8
934,2019-10-28 14:05:45.292321024+00:00,SF12BW125,-113,node3,-5.5
935,2019-10-28 14:06:46.025854976+00:00,SF12BW125,-109,node1,0.5
936,2019-10-28 14:06:47.328290816+00:00,SF12BW125,-111,node2,-4.5
937,2019-10-28 14:06:51.404040192+00:00,SF12BW125,-113,node3,-7.5
938,2019-10-28 14:07:52.137597184+00:00,SF12BW125,-107,node1,1.0
939,2019-10-28 14:07:53.449861120+00:00,SF12BW125,-111,node2,-4.2
940,2019-10-28 14:08:59.560339968+00:00,SF12BW125,-113,node2,-4.2
941,2019-10-28 14:09:03.633736960+00:00,SF12BW125,-113,node3,-8.0
942,2019-10-28 14:10:04.375507200+00:00,SF12BW125,-109,node1,0.8
943,2019-10-28 14:10:05.684265984+00:00,SF12BW125,-113,node2,-3.8
944,2019-10-28 14:10:09.748944128+00:00,SF12BW125,-112,node3,-6.8
945,2019-10-28 14:11:11.797824+00:00,SF12BW125,-112,node2,-4.2
946,2019-10-28 14:11:15.870231040+00:00,SF12BW125,-111,node3,-6.2
947,2019-10-28 14:12:16.607554048+00:00,SF12BW125,-108,node1,1.0
948,2019-10-28 14:12:17.919064064+00:00,SF12BW125,-112,node2,-4.2
949,2019-10-28 14:12:21.987415040+00:00,SF12BW125,-113,node3,-7.0
950,2019-10-28 14:13:22.727091200+00:00,SF12BW125,-108,node1,1.0
951,2019-10-28 14:13:24.028420864+00:00,SF12BW125,-112,node2,-4.8
952,2019-10-28 14:13:28.105392896+00:00,SF12BW125,-113,node3,-6.5
953,2019-10-28 14:14:28.841260800+00:00,SF12BW125,-109,node1,1.5
954,2019-10-28 14:14:30.152472064+00:00,SF12BW125,-113,node2,-4.0
955,2019-10-28 14:14:34.229922048+00:00,SF12BW125,-111,node3,-7.5
956,2019-10-28 14:15:34.952944128+00:00,SF12BW125,-109,node1,1.8
957,2019-10-28 14:16:42.381628160+00:00,SF12BW125,-111,node2,-4.2
958,2019-10-28 14:16:46.464190976+00:00,SF12BW125,-111,node3,-7.0
959,2019-10-28 14:17:47.187570944+00:00,SF12BW125,-109,node1,-0.2
960,2019-10-28 14:17:48.496675072+00:00,SF12BW125,-111,node2,-4.2
961,2019-10-28 14:17:52.579896064+00:00,SF12BW125,-112,node3,-8.0
962,2019-10-28 14:18:53.306312960+00:00,SF12BW125,-108,node1,1.0
963,2019-10-28 14:18:54.628249856+00:00,SF12BW125,-112,node2,-4.5
964,2019-10-28 14:18:58.699767040+00:00,SF12BW125,-111,node3,-8.0
965,2019-10-28 14:20:04.810568960+00:00,SF12BW125,-112,node3,-5.8
966,2019-10-28 14:21:05.540273920+00:00,SF12BW125,-109,node1,0.0
967,2019-10-28 14:21:06.852468992+00:00,SF12BW125,-111,node2,-5.8
968,2019-10-28 14:22:11.661103872+00:00,SF12BW125,-108,node1,0.8
969,2019-10-28 14:22:12.971527936+00:00,SF12BW125,-113,node2,-4.2
970,2019-10-28 14:22:17.051484160+00:00,SF12BW125,-114,node3,-7.8
971,2019-10-28 14:23:17.777024+00:00,SF12BW125,-107,node1,-0.2
972,2019-10-28 14:23:19.089113856+00:00,SF12BW125,-112,node2,-4.0
973,2019-10-28 14:23:23.198735104+00:00,SF12BW125,-112,node3,-7.0
974,2019-10-28 14:24:23.896344832+00:00,SF12BW125,-107,node1,1.0
975,2019-10-28 14:24:25.197277184+00:00,SF12BW125,-111,node2,-4.2
976,2019-10-28 14:24:29.292222976+00:00,SF12BW125,-111,node3,-5.5
977,2019-10-28 14:25:30.005182976+00:00,SF12BW125,-109,node1,0.5
978,2019-10-28 14:25:31.319272960+00:00,SF12BW125,-111,node2,-4.2
979,2019-10-28 14:27:42.247828992+00:00,SF12BW125,-111,node1,0.0
980,2019-10-28 14:27:43.556632064+00:00,SF12BW125,-113,node2,-5.2
981,2019-10-28 14:27:47.633379840+00:00,SF12BW125,-112,node3,-7.8
982,2019-10-28 14:28:48.357337856+00:00,SF12BW125,-108,node1,0.0
983,2019-10-28 14:28:49.667954944+00:00,SF12BW125,-112,node2,-4.0
984,2019-10-28 14:28:53.747056128+00:00,SF12BW125,-110,node3,-7.0
985,2019-10-28 14:29:54.475994112+00:00,SF12BW125,-108,node1,0.0
986,2019-10-28 14:29:55.795620864+00:00,SF12BW125,-111,node2,-4.5
987,2019-10-28 14:31:00.590333952+00:00,SF12BW125,-108,node1,0.5
988,2019-10-28 14:31:01.903016960+00:00,SF12BW125,-110,node2,-4.8
989,2019-10-28 14:31:06.000503040+00:00,SF12BW125,-112,node3,-7.5
990,2019-10-28 14:32:06.707142144+00:00,SF12BW125,-109,node1,1.0
991,2019-10-28 14:32:12.095452160+00:00,SF12BW125,-112,node3,-8.2
992,2019-10-28 14:33:12.825242112+00:00,SF12BW125,-108,node1,0.2
993,2019-10-28 14:33:14.135490816+00:00,SF12BW125,-108,node2,-3.2
994,2019-10-28 14:33:18.216214784+00:00,SF12BW125,-110,node3,-7.0
995,2019-10-28 14:34:18.941329920+00:00,SF12BW125,-108,node1,0.2
996,2019-10-28 14:34:20.252774912+00:00,SF12BW125,-113,node2,-5.2
997,2019-10-28 14:34:24.331897856+00:00,SF12BW125,-112,node3,-7.0
998,2019-10-28 14:35:25.064559104+00:00,SF12BW125,-109,node1,0.8
999,2019-10-28 14:35:26.366745088+00:00,SF12BW125,-113,node2,-5.2
1000,2019-10-28 14:35:30.447698944+00:00,SF12BW125,-112,node3,-6.5
1001,2019-10-28 14:36:31.172669952+00:00,SF12BW125,-108,node1,-0.8
1002,2019-10-28 14:36:32.487739136+00:00,SF12BW125,-112,node2,-4.8
1003,2019-10-28 14:37:38.602251008+00:00,SF12BW125,-109,node2,-5.0
1004,2019-10-28 14:37:42.714167040+00:00,SF12BW125,-113,node3,-8.2
1005,2019-10-28 14:38:43.412668928+00:00,SF12BW125,-109,node1,0.5
1006,2019-10-28 14:38:44.714977024+00:00,SF12BW125,-113,node2,-4.8
1007,2019-10-28 14:38:48.797091840+00:00,SF12BW125,-113,node3,-7.8
1008,2019-10-28 14:39:49.521726976+00:00,SF12BW125,-109,node1,0.5
1009,2019-10-28 14:39:50.832663040+00:00,SF12BW125,-112,node2,-4.5
1010,2019-10-28 14:39:54.910088960+00:00,SF12BW125,-113,node3,-8.5
1011,2019-10-28 14:40:55.636492032+00:00,SF12BW125,-109,node1,-0.2
1012,2019-10-28 14:41:01.034816+00:00,SF12BW125,-109,node3,-7.2
1013,2019-10-28 14:42:01.756563968+00:00,SF12BW125,-108,node1,0.5
1014,2019-10-28 14:42:03.066687232+00:00,SF12BW125,-112,node2,-4.5
1015,2019-10-28 14:43:09.185581056+00:00,SF12BW125,-113,node2,-5.5
1016,2019-10-28 14:43:13.260781056+00:00,SF12BW125,-111,node3,-8.2
1017,2019-10-28 14:44:13.991004928+00:00,SF12BW125,-109,node1,0.5
1018,2019-10-28 14:44:15.307905792+00:00,SF12BW125,-109,node2,-5.0
1019,2019-10-28 14:44:19.384247040+00:00,SF12BW125,-113,node3,-8.5
1020,2019-10-28 14:45:20.107147008+00:00,SF12BW125,-109,node1,-0.5
1021,2019-10-28 14:45:21.422921984+00:00,SF12BW125,-113,node2,-5.8
1022,2019-10-28 14:45:25.496342016+00:00,SF12BW125,-113,node3,-7.5
1023,2019-10-28 14:46:26.240414976+00:00,SF12BW125,-107,node1,0.0
1024,2019-10-28 14:46:27.539992064+00:00,SF12BW125,-113,node2,-5.8
1025,2019-10-28 14:46:31.622668032+00:00,SF12BW125,-112,node3,-9.0
1026,2019-10-28 14:47:32.340763136+00:00,SF12BW125,-107,node1,-1.2
1027,2019-10-28 14:47:33.658425088+00:00,SF12BW125,-112,node2,-5.5
1028,2019-10-28 14:47:37.728873984+00:00,SF12BW125,-113,node3,-8.5
1029,2019-10-28 14:48:43.851535104+00:00,SF12BW125,-111,node3,-7.0
1030,2019-10-28 14:49:44.575184128+00:00,SF12BW125,-107,node1,0.5
1031,2019-10-28 14:49:45.891234048+00:00,SF12BW125,-112,node2,-5.8
1032,2019-10-28 14:49:49.969389056+00:00,SF12BW125,-112,node3,-7.5
1033,2019-10-29 08:26:00.898576896+00:00,SF12BW125,-113,node1,1.8
1034,2019-10-29 08:26:49.261420032+00:00,SF12BW125,-114,node2,-1.8
1035,2019-10-29 08:27:44.937139968+00:00,SF12BW125,-112,node3,0.8
1036,2019-10-29 08:27:55.371083008+00:00,SF12BW125,-113,node2,-1.5
1037,2019-10-29 08:28:51.053611008+00:00,SF12BW125,-112,node3,1.5
1038,2019-10-29 08:29:01.497881856+00:00,SF12BW125,-113,node2,0.0
1039,2019-10-29 08:29:19.241056+00:00,SF12BW125,-110,node1,2.0
1040,2019-10-29 08:30:25.360690176+00:00,SF12BW125,-113,node1,0.5
1041,2019-10-29 08:31:31.480106240+00:00,SF12BW125,-112,node1,1.8
1042,2019-10-29 08:32:09.419598080+00:00,SF12BW125,-112,node3,3.5
1043,2019-10-29 08:32:19.851804928+00:00,SF12BW125,-114,node2,0.8
1044,2019-10-29 08:33:15.521768192+00:00,SF12BW125,-111,node3,4.2
1045,2019-10-29 08:33:25.968401920+00:00,SF12BW125,-114,node2,1.0
1046,2019-10-29 08:33:43.723624960+00:00,SF12BW125,-114,node1,0.8
1047,2019-10-29 08:34:21.642846976+00:00,SF12BW125,-109,node3,2.8
1048,2019-10-29 08:34:32.075203840+00:00,SF12BW125,-113,node2,0.2
1049,2019-10-29 08:35:27.759838208+00:00,SF12BW125,-112,node3,3.0
1050,2019-10-29 08:36:33.879499008+00:00,SF12BW125,-113,node3,3.0
1051,2019-10-29 08:36:44.312836864+00:00,SF12BW125,-113,node2,1.8
1052,2019-10-29 08:37:02.070196992+00:00,SF12BW125,-114,node1,2.2
1053,2019-10-29 08:37:39.990199040+00:00,SF12BW125,-113,node3,3.2
1054,2019-10-29 08:37:50.426192896+00:00,SF12BW125,-114,node2,0.5
1055,2019-10-29 08:38:46.105506816+00:00,SF12BW125,-113,node3,2.5
1056,2019-10-29 08:39:14.299192832+00:00,SF12BW125,-113,node1,1.2
1057,2019-10-29 08:39:52.228105984+00:00,SF12BW125,-112,node3,2.2
1058,2019-10-29 08:40:02.663717888+00:00,SF12BW125,-113,node2,-1.0
1059,2019-10-29 08:40:20.424253952+00:00,SF12BW125,-113,node1,1.5
1060,2019-10-29 08:40:58.349127936+00:00,SF12BW125,-113,node3,3.0
1061,2019-10-29 08:41:26.536472064+00:00,SF12BW125,-113,node1,3.0
1062,2019-10-29 08:42:04.460335872+00:00,SF12BW125,-113,node3,2.5
1063,2019-10-29 08:42:14.906196992+00:00,SF12BW125,-111,node2,-0.2
1064,2019-10-29 08:42:32.656750848+00:00,SF12BW125,-114,node1,0.0
1065,2019-10-29 08:43:10.580944896+00:00,SF12BW125,-113,node3,1.5
1066,2019-10-29 08:43:21.018874880+00:00,SF12BW125,-113,node2,0.8
1067,2019-10-29 08:44:16.695292928+00:00,SF12BW125,-112,node3,2.8
1068,2019-10-29 08:44:44.888946944+00:00,SF12BW125,-114,node1,2.5
1069,2019-10-29 08:45:33.253232896+00:00,SF12BW125,-114,node2,2.0
1070,2019-10-29 08:46:28.926178048+00:00,SF12BW125,-114,node3,2.8
1071,2019-10-29 08:46:39.367041024+00:00,SF12BW125,-113,node2,-0.5
1072,2019-10-29 08:47:45.483030016+00:00,SF12BW125,-113,node2,1.0
1073,2019-10-29 08:48:03.237776896+00:00,SF12BW125,-112,node1,2.2
1074,2019-10-29 08:48:41.165419008+00:00,SF12BW125,-115,node3,2.8
1075,2019-10-29 08:49:09.348932864+00:00,SF12BW125,-115,node1,1.5
1076,2019-10-29 08:49:47.284167168+00:00,SF12BW125,-112,node3,3.0
1077,2019-10-29 08:50:15.474351872+00:00,SF12BW125,-114,node1,2.2
1078,2019-10-29 08:50:53.400846848+00:00,SF12BW125,-111,node3,1.2
1079,2019-10-29 08:51:03.841182976+00:00,SF12BW125,-113,node2,-2.0
1080,2019-10-29 08:51:59.521600+00:00,SF12BW125,-114,node3,2.0
1081,2019-10-29 08:52:09.962369792+00:00,SF12BW125,-113,node2,0.8
1082,2019-10-29 08:52:27.708622080+00:00,SF12BW125,-113,node1,0.8
1083,2019-10-29 08:53:05.632420096+00:00,SF12BW125,-114,node3,1.8
1084,2019-10-29 08:53:16.080465920+00:00,SF12BW125,-113,node2,0.2
1085,2019-10-29 08:54:11.749223936+00:00,SF12BW125,-112,node3,2.0
1086,2019-10-29 08:54:22.198066944+00:00,SF12BW125,-114,node2,0.8
1087,2019-10-29 08:54:39.941144832+00:00,SF12BW125,-112,node1,1.5
1088,2019-10-29 08:55:17.865919232+00:00,SF12BW125,-114,node3,3.2
1089,2019-10-29 08:55:28.316154880+00:00,SF12BW125,-112,node2,1.8
1090,2019-10-29 08:55:46.056955136+00:00,SF12BW125,-113,node1,2.5
1091,2019-10-29 08:56:23.985775104+00:00,SF12BW125,-113,node3,3.8
1092,2019-10-29 08:56:52.177509120+00:00,SF12BW125,-114,node1,2.0
1093,2019-10-29 08:57:30.099816960+00:00,SF12BW125,-113,node3,3.0
1094,2019-10-29 08:57:40.551937024+00:00,SF12BW125,-114,node2,0.5
1095,2019-10-29 08:58:46.666857984+00:00,SF12BW125,-112,node2,1.2
1096,2019-10-29 08:59:04.406161152+00:00,SF12BW125,-114,node1,2.2
1097,2019-10-29 08:59:42.333189120+00:00,SF12BW125,-111,node3,2.8
1098,2019-10-29 08:59:52.787038976+00:00,SF12BW125,-113,node2,1.2
1099,2019-10-29 09:00:58.904476928+00:00,SF12BW125,-113,node2,1.8
1100,2019-10-29 09:01:16.644013056+00:00,SF12BW125,-113,node1,2.8
1101,2019-10-29 09:01:54.570974976+00:00,SF12BW125,-109,node3,0.5
1102,2019-10-29 09:02:05.023963904+00:00,SF12BW125,-112,node2,-0.2
1103,2019-10-29 09:02:22.761939968+00:00,SF12BW125,-112,node1,0.0
1104,2019-10-29 09:03:00.689335040+00:00,SF12BW125,-110,node3,0.2
1105,2019-10-29 09:03:11.140363008+00:00,SF12BW125,-113,node2,-0.2
1106,2019-10-29 09:03:28.877291008+00:00,SF12BW125,-112,node1,0.5
1107,2019-10-29 09:04:17.259625984+00:00,SF12BW125,-111,node2,-1.0
1108,2019-10-29 09:04:35.000369152+00:00,SF12BW125,-113,node1,0.0
1109,2019-10-29 09:05:12.922040832+00:00,SF12BW125,-113,node3,1.0
1110,2019-10-29 09:05:41.111557888+00:00,SF12BW125,-109,node1,0.5
1111,2019-10-29 09:06:19.042210048+00:00,SF12BW125,-110,node3,0.5
1112,2019-10-29 09:06:29.495506944+00:00,SF12BW125,-114,node2,1.2
1113,2019-10-29 09:06:47.228807936+00:00,SF12BW125,-113,node1,2.2
1114,2019-10-29 09:07:25.156409856+00:00,SF12BW125,-110,node3,3.0
1115,2019-10-29 09:07:53.345959936+00:00,SF12BW125,-113,node1,1.2
1116,2019-10-29 09:08:31.274689024+00:00,SF12BW125,-112,node3,1.8
1117,2019-10-29 09:08:41.993089792+00:00,SF12BW125,-112,node2,-0.2
1118,2019-10-29 09:08:59.463656960+00:00,SF12BW125,-111,node1,1.0
1119,2019-10-29 09:09:37.397694976+00:00,SF12BW125,-107,node3,0.8
1120,2019-10-29 09:09:47.841245952+00:00,SF12BW125,-113,node2,0.0
1121,2019-10-29 09:10:05.583077888+00:00,SF12BW125,-113,node1,1.0
1122,2019-10-29 09:10:43.510294016+00:00,SF12BW125,-112,node3,0.0
1123,2019-10-29 09:10:53.964032+00:00,SF12BW125,-111,node2,-0.2
1124,2019-10-29 09:11:11.705456128+00:00,SF12BW125,-111,node1,0.5
1125,2019-10-29 09:11:49.628241920+00:00,SF12BW125,-113,node3,0.0
1126,2019-10-29 09:12:17.821608192+00:00,SF12BW125,-113,node1,0.2
1127,2019-10-29 09:12:55.745645056+00:00,SF12BW125,-111,node3,-0.8
1128,2019-10-29 09:13:06.200553984+00:00,SF12BW125,-112,node2,-0.8
1129,2019-10-29 09:13:23.934433024+00:00,SF12BW125,-112,node1,-0.2
1130,2019-10-29 09:14:01.859200+00:00,SF12BW125,-113,node3,-1.8
1131,2019-10-29 09:14:12.318355200+00:00,SF12BW125,-112,node2,-0.8
1132,2019-10-29 09:14:30.058500096+00:00,SF12BW125,-112,node1,0.5
1133,2019-10-29 09:15:18.434708992+00:00,SF12BW125,-111,node2,-2.0
1134,2019-10-29 09:16:14.094882048+00:00,SF12BW125,-110,node3,-1.5
1135,2019-10-29 09:16:24.550006016+00:00,SF12BW125,-112,node2,-0.5
1136,2019-10-29 09:16:42.282184960+00:00,SF12BW125,-111,node1,0.8
1137,2019-10-29 09:17:20.218721024+00:00,SF12BW125,-112,node3,-2.2
1138,2019-10-29 09:17:30.673758976+00:00,SF12BW125,-112,node2,-1.8
1139,2019-10-29 09:17:48.403003904+00:00,SF12BW125,-112,node1,0.0
1140,2019-10-29 09:18:26.332470784+00:00,SF12BW125,-111,node3,-1.5
1141,2019-10-29 09:18:54.521390848+00:00,SF12BW125,-113,node1,0.5
1142,2019-10-29 09:19:32.445303808+00:00,SF12BW125,-113,node3,-1.0
1143,2019-10-29 09:19:42.900376064+00:00,SF12BW125,-110,node2,-2.8
1144,2019-10-29 09:20:38.563142144+00:00,SF12BW125,-113,node3,-0.2
1145,2019-10-29 09:20:49.020103936+00:00,SF12BW125,-112,node2,-1.8
1146,2019-10-29 09:21:44.694395136+00:00,SF12BW125,-112,node3,-0.5
1147,2019-10-29 09:21:55.134968064+00:00,SF12BW125,-111,node2,-1.5
1148,2019-10-29 09:22:12.876353024+00:00,SF12BW125,-111,node1,0.2
1149,2019-10-29 09:22:50.802817024+00:00,SF12BW125,-112,node3,-0.8
1150,2019-10-29 09:23:01.260623872+00:00,SF12BW125,-111,node2,-1.5
1151,2019-10-29 09:23:18.993318912+00:00,SF12BW125,-113,node1,-1.8
1152,2019-10-29 09:23:56.915077888+00:00,SF12BW125,-113,node3,0.2
1153,2019-10-29 09:24:25.106266880+00:00,SF12BW125,-113,node1,-1.0
1154,2019-10-29 09:25:03.039804928+00:00,SF12BW125,-112,node3,-0.8
1155,2019-10-29 09:25:13.496696064+00:00,SF12BW125,-110,node2,-2.5
1156,2019-10-29 09:25:31.223607040+00:00,SF12BW125,-112,node1,-0.2
1157,2019-10-29 09:26:19.606332160+00:00,SF12BW125,-111,node2,-1.8
1158,2019-10-29 09:26:37.337148928+00:00,SF12BW125,-111,node1,-1.8
1159,2019-10-29 09:27:15.272206080+00:00,SF12BW125,-112,node3,-1.2
1160,2019-10-29 09:27:25.723581184+00:00,SF12BW125,-112,node2,-3.0
1161,2019-10-29 09:27:43.459687936+00:00,SF12BW125,-113,node1,0.2
1162,2019-10-29 09:28:21.388848128+00:00,SF12BW125,-110,node3,-2.5
1163,2019-10-29 09:28:31.853224960+00:00,SF12BW125,-111,node2,-2.2
1164,2019-10-29 09:28:49.572613120+00:00,SF12BW125,-112,node1,-2.2
1165,2019-10-29 09:29:27.510785024+00:00,SF12BW125,-109,node3,-0.5
1166,2019-10-29 09:29:37.961974016+00:00,SF12BW125,-112,node2,-3.2
1167,2019-10-29 09:30:44.150664960+00:00,SF12BW125,-112,node2,-2.2
1168,2019-10-29 09:31:01.809356800+00:00,SF12BW125,-110,node1,-1.5
1169,2019-10-29 09:31:50.201112064+00:00,SF12BW125,-110,node2,-2.5
1170,2019-10-29 09:32:07.929965056+00:00,SF12BW125,-111,node1,-0.8
1171,2019-10-29 09:32:45.853041920+00:00,SF12BW125,-113,node3,-1.2
1172,2019-10-29 09:33:14.043963904+00:00,SF12BW125,-112,node1,-2.8
1173,2019-10-29 09:33:51.968952832+00:00,SF12BW125,-112,node3,-0.2
1174,2019-10-29 09:34:02.435714048+00:00,SF12BW125,-113,node2,-2.5
1175,2019-10-29 09:34:20.157572096+00:00,SF12BW125,-113,node1,-1.5
1176,2019-10-29 09:34:58.092788992+00:00,SF12BW125,-111,node3,-1.5
1177,2019-10-29 09:36:04.212211968+00:00,SF12BW125,-108,node3,-1.8
1178,2019-10-29 09:36:14.672090112+00:00,SF12BW125,-110,node2,-2.8
1179,2019-10-29 09:37:38.515094016+00:00,SF12BW125,-110,node1,-0.8
1180,2019-10-29 09:38:16.444171008+00:00,SF12BW125,-112,node3,-0.2
1181,2019-10-29 09:38:26.901745152+00:00,SF12BW125,-110,node2,-2.2
1182,2019-10-29 09:38:44.639926016+00:00,SF12BW125,-112,node1,-2.0
1183,2019-10-29 09:39:33.024570880+00:00,SF12BW125,-111,node2,-3.5
1184,2019-10-29 09:40:28.673083904+00:00,SF12BW125,-109,node3,-1.8
1185,2019-10-29 09:40:56.863325952+00:00,SF12BW125,-112,node1,-0.5
1186,2019-10-29 09:41:45.260883200+00:00,SF12BW125,-110,node2,-3.0
1187,2019-10-29 09:42:02.977323008+00:00,SF12BW125,-110,node1,-2.8
1188,2019-10-29 09:42:40.912890880+00:00,SF12BW125,-112,node3,-0.5
1189,2019-10-29 09:42:51.375452160+00:00,SF12BW125,-112,node2,-3.2
1190,2019-10-29 09:43:09.098298112+00:00,SF12BW125,-113,node1,-2.2
1191,2019-10-29 09:43:47.032759808+00:00,SF12BW125,-109,node3,-1.0
1192,2019-10-29 09:44:15.223970048+00:00,SF12BW125,-110,node1,-1.5
1193,2019-10-29 09:44:53.144190976+00:00,SF12BW125,-109,node3,-2.0
1194,2019-10-29 09:45:03.613604096+00:00,SF12BW125,-112,node2,-2.2
1195,2019-10-29 09:45:21.331668992+00:00,SF12BW125,-112,node1,-2.8
1196,2019-10-29 09:45:59.261552128+00:00,SF12BW125,-109,node3,-1.0
1197,2019-10-29 09:46:09.744809984+00:00,SF12BW125,-110,node2,-3.0
1198,2019-10-29 09:46:27.453540096+00:00,SF12BW125,-112,node1,-3.0
1199,2019-10-29 09:47:05.413831936+00:00,SF12BW125,-109,node3,-0.8
1200,2019-10-29 09:47:15.844840960+00:00,SF12BW125,-112,node2,-2.2
1201,2019-10-29 09:47:33.568499200+00:00,SF12BW125,-113,node1,-1.2
1202,2019-10-29 09:48:11.511318016+00:00,SF12BW125,-109,node3,-1.5
1203,2019-10-29 09:48:21.964162048+00:00,SF12BW125,-113,node2,-4.2
1204,2019-10-29 09:49:17.612430080+00:00,SF12BW125,-113,node3,-1.0
1205,2019-10-29 09:49:28.076883200+00:00,SF12BW125,-111,node2,-3.0
1206,2019-10-29 09:49:45.800681984+00:00,SF12BW125,-110,node1,-2.5
1207,2019-10-29 09:50:23.730316032+00:00,SF12BW125,-111,node3,-3.0
1208,2019-10-29 09:51:29.850779904+00:00,SF12BW125,-109,node3,-1.8
1209,2019-10-29 09:52:35.962138880+00:00,SF12BW125,-112,node3,-2.0
1210,2019-10-29 09:52:46.432619008+00:00,SF12BW125,-112,node2,-3.8
1211,2019-10-29 09:53:04.153932032+00:00,SF12BW125,-108,node1,-3.0
1212,2019-10-29 09:53:42.078633984+00:00,SF12BW125,-111,node3,-1.8
1213,2019-10-29 09:53:52.549318912+00:00,SF12BW125,-112,node2,-3.8
1214,2019-10-29 09:54:10.270009088+00:00,SF12BW125,-112,node1,-3.0
1215,2019-10-29 09:54:58.663190016+00:00,SF12BW125,-111,node2,-2.5
1216,2019-10-29 09:55:16.381580032+00:00,SF12BW125,-112,node1,-2.0
1217,2019-10-29 09:55:54.310127872+00:00,SF12BW125,-111,node3,-0.8
1218,2019-10-29 09:56:04.783681024+00:00,SF12BW125,-111,node2,-3.2
1219,2019-10-29 09:56:22.499089920+00:00,SF12BW125,-111,node1,-1.2
1220,2019-10-29 09:57:00.427019008+00:00,SF12BW125,-110,node3,-1.5
1221,2019-10-29 09:57:10.898022912+00:00,SF12BW125,-112,node2,-3.2
1222,2019-10-29 09:57:28.624111872+00:00,SF12BW125,-110,node1,-3.2
1223,2019-10-29 09:58:17.020600064+00:00,SF12BW125,-109,node2,-3.8
1224,2019-10-29 09:59:12.666279936+00:00,SF12BW125,-112,node3,-1.2
1225,2019-10-29 09:59:23.135598848+00:00,SF12BW125,-110,node2,-3.0
1226,2019-10-29 09:59:40.853606912+00:00,SF12BW125,-113,node1,-4.0
1227,2019-10-29 10:00:18.780350976+00:00,SF12BW125,-111,node3,-1.0
1228,2019-10-29 10:00:29.252850176+00:00,SF12BW125,-112,node2,-2.0
